filename,L_mean,L_std,a_mean,a_std,b_mean,b_std,C_mean,C_std,Base,Primary,Secondary,fold
7.34.jpg,33.69842595490539,15.89047052969967,10.93434176046136,4.214600538102347,32.29274511526284,11.481152572126552,34.17115773609979,12.012198710840249,7,3,4,1
9.25.jpg,59.96166785729335,16.090401266896738,11.422008047764924,1.7163297885979032,6.298110146415923,1.7009634961754745,13.114570322457284,1.993882964335273,9,2,5,3
7.08.jpg,25.44529078806386,13.742503197761817,9.001795045251841,3.5277113163732756,7.235380468941656,3.0010069134716018,11.614539716042945,4.46500855294775,7,0,8,0
3.6.jpg,14.491141254605225,11.355466491157843,4.8122073585217535,3.0001104609530063,3.0552438023697266,1.4895394318861952,5.801554985205538,3.1706788869309728,3,6,-1,0
9.31.jpg,72.00615811138849,13.722482186103145,11.888142465190944,4.4625962312804575,38.60406956145061,6.710064252111156,40.51048497060616,7.445968897006082,9,3,1,3
3.87.jpg,13.796484300927164,10.959624571258397,1.61068744804541,1.1029368951481378,0.9981013458728464,0.3853938142915679,2.043454115712539,0.8830706742242793,3,8,7,0
1.4.jpg,6.339687012037133,6.286630449672321,0.2906011659222627,0.5817551906535384,1.0783119653399609,0.8666830062429232,1.248637036738752,0.8818672337022033,1,4,-1,1
4.65.jpg,13.65158111279722,10.73835688899656,11.224561438764534,6.487616187962521,7.222132283163418,4.235787330261657,13.412002480757716,7.635392705930636,4,6,5,1
4.71.jpg,11.980037782725216,11.358188079483975,-0.1199667819069256,0.5961416041367469,4.3126684593092035,2.751140840850512,4.399816763745357,2.679416812018106,4,7,1,2
8.71.jpg,50.01804505928424,16.32879986035857,1.3023369059915264,0.8916222799826863,20.58914820048425,1.582459876343156,20.650439962779988,1.57086088888453,8,7,1,2
6.48.jpg,30.512558799632437,20.717865662350345,20.0387593599874,9.325482370798357,29.589563719703524,16.965289122942064,36.22539953948328,18.42824577890597,6,4,8,0
10.27.jpg,69.06852089088365,15.693850986080909,8.60754154040969,2.2110319494996307,1.6064074514983822,1.6729955265326355,8.865880917394405,2.398759709140554,10,2,7,0
7.2.jpg,31.38834168968894,15.71584782297174,5.359803410865066,2.1612788480048475,-6.208537497201424,0.9539383427247716,8.30613782752298,1.965357338506758,7,2,-1,1
6.74.jpg,18.988259229735025,14.894222870114136,3.498565205769779,1.9237070328547912,13.991478636096346,8.287834348783704,14.53356592216567,8.31659434207071,6,7,4,3
10.33.jpg,85.14711083702225,9.050799944170368,8.471187358030667,7.498865445332598,33.191627365552144,13.393670007273045,34.57825906531463,14.608645442731657,10,3,3,4
5.31.jpg,15.303662815260058,12.356016108282368,2.17138841515849,1.4062146490093077,11.031647967223334,6.738381021087235,11.335527116282188,6.730618689444182,5,3,1,4
5.25.jpg,24.329679348801577,17.597083825544875,5.080996362123446,2.626670734406575,3.160149809495539,1.210649173913371,6.094174400297479,2.6512600397566475,5,2,5,2
5.18.jpg,16.11703338075323,13.40716861342987,-0.0889320232748617,0.3364337057215785,0.10847678440228,0.7337625410873814,0.5135965231258087,0.6383493040645255,5,1,8,0
5.1.jpg,16.194344690382405,13.472879447942532,0.5054734141984799,0.7589862027454913,0.8416350718188368,1.1830502741542483,1.547864384033267,0.7373173145618803,5,1,-1,3
5.24.jpg,20.66991766456904,15.694629710577122,4.428971142574298,2.433945193570386,-0.3088128005962479,1.1450518753695436,4.596093885431898,2.412945239008782,5,2,4,0
8.58.jpg,39.67414644002174,24.509512131005724,13.224988728056696,4.5688672939166475,5.652650366565436,1.740589284869995,14.453596849716224,4.674454036329591,8,5,8,2
6.75.jpg,18.869917209106788,14.760450223999054,4.65955032101689,2.357591953436124,12.38855189649817,6.877512036229868,13.329082717603756,7.097999212523719,6,7,5,2
7.3.jpg,31.99206761929621,15.600718052235234,7.425296764533814,3.4720035783634553,24.972138481514808,8.665934072616968,26.11578040736671,9.157618046995792,7,3,-1,1
10.32.jpg,81.03328574017202,11.73651535738252,9.50583902505123,4.462952529253982,20.260581174048852,7.912426873474107,22.458076889647288,8.888832983330772,10,3,2,2
10.26.jpg,70.93186340265802,13.82879084460669,18.916361127803786,6.230118262898564,-5.034717386840436,2.3646041864362495,19.761657948562153,6.087667791123617,10,2,6,0
6.61.jpg,18.938391535449288,12.82137566589913,27.505448316680685,15.192385367421176,7.157272619555816,3.999156335600639,28.58659408429904,15.407293781211624,6,6,1,1
8.64.jpg,49.01203028212437,11.66182041169668,60.25432532149872,6.627393251025469,45.938857860909486,7.031726404130726,76.00646369235496,7.572805030031181,8,6,4,1
4.64.jpg,17.649352711840226,11.738507154218222,32.832182638281985,12.64591388317067,22.984467250707866,13.421209409419776,40.35744017013741,17.820296699499995,4,6,4,3
1.5.jpg,5.649072832891775,5.6704624444246186,0.2260178834808585,0.504338320045338,0.8290417949278789,0.7365610481402397,1.0176748376165137,0.7068321052245796,1,5,-1,4
4.58.jpg,16.507574136789863,12.515816709773238,5.009357843347901,2.644883663764282,3.891929046835635,1.8469884693066083,6.422035740494839,3.066758982495956,4,5,8,3
9.24.jpg,64.89904331780944,16.092070560383615,10.795582749499172,1.9497126591979856,2.0032203331914307,1.9291289134652303,11.113920576708333,2.13569329198252,9,2,4,4
7.21.jpg,37.89084754269688,17.359561034377965,8.422469627915026,2.662737543705144,5.243722770952529,2.169251160454557,9.992210108471935,3.2227600133579024,7,2,1,1
7.35.jpg,32.27532581861317,15.66192901831787,9.371210588867196,3.891453046539528,23.507598610804976,8.049494524864903,25.36415537924165,8.77634155924638,7,3,5,1
9.18.jpg,54.43143844260464,16.103745391644107,4.6822651824007435,0.7543730187458039,13.314910171838056,1.917054644403328,14.14165661962515,1.8623010863152751,9,1,8,3
11.8.jpg,67.5121640760876,14.372028534628331,9.735103571762869,2.238701128990886,8.974367666410537,1.576153026815014,13.301470989848893,2.424546798879506,11,8,-1,4
7.23.jpg,25.642833317807103,13.785452678478045,7.886017011074322,3.3110750346691944,11.694856110517636,4.54071166665928,14.159570769404295,5.481492469742369,7,2,3,0
7.37.jpg,32.99722753596317,15.889074920306792,6.113137104837725,3.1885194317609025,26.594065877109873,9.091257954369208,27.354348921972555,9.4430931136561,7,3,7,4
9.32.jpg,71.59739031824355,13.768772836876972,13.227641703634852,4.271551860264083,34.1622469448824,6.4165770984105,36.72120288328862,7.280212711315251,9,3,2,1
3.5.jpg,13.998568900833863,11.041061417031422,3.062310287543581,1.802866919215607,3.085357273633323,1.4635088887484673,4.437074026957133,2.145165559649761,3,5,-1,3
9.26.jpg,60.79669359255822,15.816036235386507,25.251525330151207,4.4514928827403155,-11.365617724273797,2.411901196379381,27.803590438471343,4.405702299239557,9,2,6,1
4.72.jpg,12.004307699502675,11.36333321174166,1.109728890564525,0.8664294774134514,5.172913945037148,3.4050091480736175,5.396602851650312,3.348432751701764,4,7,2,3
4.66.jpg,14.7394170644078,11.04224413964031,22.20431351660927,11.769708363398015,10.35255401349568,6.093910228527225,24.54820776074203,13.16260558986926,4,6,6,2
6.88.jpg,16.62467810745448,13.484990976012076,9.82705772592988,5.55078573548938,8.071911778272515,4.269825229558752,12.797440183053872,6.855288311837781,6,8,8,4
8.66.jpg,48.511926657572275,14.60080426118937,59.60900209614972,9.400012621084413,21.037221621844953,5.907036607162578,63.360191600668536,10.224346607332896,8,6,6,3
8.72.jpg,49.648307184279126,16.235814795524245,2.477465783316334,1.065138312142811,24.702756936290715,1.928014652414367,24.8490383915378,1.9341892618775152,8,7,2,4
10.18.jpg,64.45645795626926,15.207481703294407,5.899378657313905,2.003151790668136,12.104947091519996,4.925253972580732,13.5517619991181,5.09439919333059,10,1,8,4
7.1.jpg,24.08309452406444,13.400823229613888,2.163887971454828,1.7957730327655708,3.737002172659684,2.023534751106474,4.477185144303439,2.433496095998982,7,1,-1,0
6.77.jpg,19.603696278220124,15.186370527473464,-0.7182607357481813,1.2216058658801472,13.609855615214958,7.5746894524378385,13.70558169128371,7.534543121350516,6,7,7,2
6.63.jpg,30.684912433615093,13.847356990639776,39.047713139249424,7.883262038840208,39.27332210169672,14.652481531663184,55.72132807665359,15.46261178104826,6,6,3,0
10.24.jpg,75.04850432941417,13.927745494352346,9.611807998834877,2.754314780701543,2.0598682977226135,2.2548808742878563,9.977428514836516,3.1227501197143583,10,2,4,0
5.26.jpg,13.835541124520988,11.61397191018257,12.428981354513748,7.702520830228529,-1.4350308851015856,1.3625113118667231,12.536384424329109,7.78223752737947,5,2,6,2
5.32.jpg,15.08140411081149,12.24916865628167,3.2830566209480336,1.9005592189482043,8.22792539153953,4.813053610530709,8.928790936438544,5.052872434668845,5,3,2,3
5.3.jpg,14.935318388278509,12.135656821283808,2.669263014573159,1.6145977664060194,10.444649176198514,6.383615476744052,10.869857101446971,6.435785931117093,5,3,-1,0
5.2.jpg,14.024358020199028,11.761912221219568,3.2817839739829537,2.197043466888917,-3.922973048154299,2.854278345449205,5.144435965737078,3.559284626377429,5,2,-1,1
5.33.jpg,16.697487758986675,12.738759225889831,4.369351591764181,2.5361081485968215,12.86075935982065,8.041346885892004,13.679719060256131,8.273497166057146,5,3,3,2
5.27.jpg,24.444174488297413,17.666494942749974,3.802717626898175,1.950248195944552,0.2596775862517289,0.8388466886579845,3.956976963546347,1.837813619914868,5,2,7,0
6.62.jpg,19.731494170762435,13.18207221538736,29.201122920487872,15.72990521063772,5.635044207908609,3.7216241806125967,29.921611800223253,15.825196832792765,6,6,2,3
10.25.jpg,68.6450977842108,15.477559985260632,10.831734060203964,2.6370590373496228,6.858848695066101,2.4571217070403533,12.898790787017203,3.314059724149354,10,2,5,4
10.31.jpg,81.57309120912437,11.669357960859148,7.333245009790762,4.57547896116249,26.468331845548807,9.298327272966898,27.606621211005425,9.98085347908774,10,3,1,1
6.76.jpg,18.861596679362613,14.779871955057349,4.272046034674826,2.1673238854256223,11.147490085326467,6.123773193595438,12.02271936332534,6.3379036428845605,6,7,6,2
8.73.jpg,50.18076599618567,16.18301500362461,2.870409454406227,1.2714055509851014,29.39166481774881,2.460396165379113,29.55867745317674,2.4624824424933633,8,7,3,4
8.67.jpg,48.172425791269504,17.408603309225406,37.316207303476546,6.640742441463032,11.86019015532359,2.8179354069362126,39.18316670562384,7.0627972565603905,8,6,7,1
4.67.jpg,10.686161086096025,9.32982645059673,8.345614475936593,5.72214938630952,5.951206935959492,3.9663538921812473,10.333769135875873,6.837712864639603,4,6,7,0
1.6.jpg,5.159199232177552,5.266696196973994,1.003884042018941,0.8899618863251505,-1.0359787931428297,1.0133077491040057,1.4684719737032224,1.32039768464496,1,6,-1,1
4.73.jpg,12.210049222522748,11.578702536173738,0.0958555856052631,0.8468309797230349,6.9585865072927895,5.211210925853436,7.076576934153511,5.121231823470637,4,7,3,0
3.52.jpg,14.21320749381631,11.217807478905028,4.989207055904526,2.7100490892217706,1.504602170890967,0.7722934876439062,5.281431777260035,2.6838957540363273,3,5,2,1
3.4.jpg,14.539200363878052,11.38527143502026,1.2252320074752965,0.8468278584201657,4.091015629034838,2.06726061234152,4.331175124317559,2.1140502011014695,3,4,-1,3
9.27.jpg,60.410754502687425,16.262044927083824,9.18866334314447,1.4480576486829604,0.2641687540415043,1.5160232535817582,9.316479666001566,1.4490421859104008,9,2,7,0
9.33.jpg,73.43548466059302,12.59929113037588,14.627375418724723,6.130162762997123,44.03863683107585,7.965686656593213,46.60025447169339,9.099944404499658,9,3,3,3
7.22.jpg,32.80558338428443,16.109458576052003,13.823873968258937,3.7614922273822584,-9.059454840166016,1.264526161647448,16.58882753008242,3.705653094751622,7,2,2,0
9.37.jpg,72.83292085797092,13.711020860063382,10.589670732746685,4.545389496046244,40.003531105513815,6.865549065558246,41.51971505929163,7.5055458279452125,9,3,7,0
9.23.jpg,56.14543516417434,14.791872696249246,12.584157134645707,1.4778685136306269,22.629477111046292,1.6099283912747675,25.91950391770001,1.8464903297254915,9,2,3,2
7.26.jpg,25.0489756658808,13.61547300994662,20.478632488011296,6.31528522119336,-6.9172509288386,1.2827835552257576,21.657503687916662,6.301082769969533,7,2,6,3
7.32.jpg,32.21339014017485,15.70845003541515,8.2202498572068,3.4293310481551944,20.49806139186646,6.885164324953189,22.137374218012926,7.53959484924355,7,3,2,2
4.88.jpg,13.243597343662532,12.293759327752625,5.773910450965807,3.8228526462768224,6.215940270435309,4.105099936610651,8.592880344381634,5.4409935281378266,4,8,8,0
4.77.jpg,12.707044374127344,11.881467196170128,-1.2217411066753243,1.2978920758446486,6.336494436208978,4.295103258931394,6.543442329913508,4.3542635878374565,4,7,7,2
1.2.jpg,5.00466358320569,4.898058563208631,0.4022171639553217,0.569920575405118,-1.4195521482537303,1.5320328111685038,1.5014116381628595,1.6107774638813803,1,2,-1,3
8.88.jpg,45.57682579850159,16.137190348420212,19.187808753868232,2.320871968064222,6.780219428224672,1.7449313130487771,20.467517053201092,1.9118990366189703,8,8,8,0
7.4.jpg,34.11394617310264,15.27803476497466,25.688246063332976,8.191607402954771,33.43947762796895,12.198482783042737,42.246348818410176,14.464994829149488,7,4,-1,4
6.72.jpg,18.59870303806698,14.633721773697236,2.620241069353541,1.4820903504064775,11.961852012783169,6.642645085854037,12.340004642387903,6.633036846459197,6,7,2,3
10.35.jpg,81.03201666199047,11.725826057397535,9.709796162414928,4.553259017549422,20.37464602973416,8.012931365068972,22.649206302372296,9.019924221820816,10,3,5,0
10.21.jpg,78.33537815255566,12.724093550501278,4.643708647131794,1.7241805006500766,3.2974232641934726,4.320783103618776,6.343773853472924,3.719614026484958,10,2,1,1
6.66.jpg,32.35889481353585,15.69737490465802,52.73436867253445,17.272229130418204,26.69277362118375,9.43964684469354,59.29951699741527,19.08983809365633,6,6,6,3
8.63.jpg,45.52372230365864,13.551719493472776,51.03616087704238,4.9770279772529875,53.23205079232149,11.832147926381625,74.04892086158118,10.948461074373364,8,6,3,3
8.77.jpg,48.32356535801362,16.00394531160414,-10.874986058519452,1.4472711883193412,26.77677379082906,2.5788137227388086,28.91602632692819,2.805215141079757,8,7,7,1
5.6.jpg,20.659865494081284,13.767719487604731,30.46715688878091,13.126417067997266,14.341797286509596,7.023143443186179,33.73654355908537,14.74475485877729,5,6,-1,4
5.23.jpg,13.188101786616857,11.248950200813672,4.187109789146072,2.601000606579399,3.143112447076947,1.5005500499462834,5.329767641564062,2.8322209899811375,5,2,3,1
5.37.jpg,15.78178060619407,12.63863921040369,1.5191867088494353,1.1812271733489164,11.788330987900672,7.20022228015981,11.9780261116129,7.144092995260562,5,3,7,2
5.22.jpg,14.26338533078216,11.907830154008224,6.343274924856424,4.066520484310674,-10.831960592550262,6.757486393760161,12.561411860362906,7.872715563030337,5,2,2,1
5.7.jpg,13.280233649207632,11.251628708136437,0.1581846632166757,0.6363423998829348,6.123032948823017,3.593175691875677,6.185466258431387,3.5457587690691925,5,7,-1,4
8.76.jpg,50.06586902987656,16.233482178614757,4.525446967985584,0.8671731093687162,19.79219352550716,1.5676259440512883,20.320281093120208,1.5831018317953398,8,7,6,1
8.62.jpg,42.49425451920965,16.768816521966592,47.56029422177569,7.415464637365763,3.4224637645064013,2.3177411438475244,47.7337690890682,7.4527292336867665,8,6,2,0
6.67.jpg,24.26780368859337,16.094781014174547,24.986989454685233,11.944969769079664,13.645069215209755,6.3638323542855675,28.538192444833243,13.389913849452473,6,6,7,2
6.73.jpg,18.69826316248397,14.743597195250288,1.183768786139434,1.1817734179820798,13.533574934074393,8.017224946775276,13.681165636677092,7.940853236000245,6,7,3,0
7.5.jpg,25.5020579195851,17.029171219038787,11.17157809392578,4.695625453771977,5.679774545082496,2.094847334833505,12.597070298514152,4.981475649274231,7,5,-1,2
10.34.jpg,80.37743763503127,11.25229578986879,10.364582701527484,6.6186498705643455,37.39634561631476,12.914435258671777,39.02475849255085,13.912894335446278,10,3,4,4
1.3.jpg,5.476978010597464,5.536049755380955,0.2032923791921722,0.4247811441984792,0.5770835333021336,0.7187880802063236,0.8316140997977506,0.616333115755537,1,3,-1,2
4.62.jpg,14.386396268244102,10.872877512502226,21.691564460347408,11.956603142888511,3.7151841436999127,1.9184456772381304,22.05091417511886,12.030151226547163,4,6,2,1
4.76.jpg,12.064989962547122,11.415674110967634,1.4787572179594632,1.029423088048237,4.776167379181757,3.122482858464154,5.096761947989104,3.135462722592422,4,7,6,0
7.33.jpg,38.97770632860177,17.097970089242608,11.239790162614115,4.226585575626505,34.065054523927586,10.090635477615004,35.93552702691673,10.727705713976828,7,3,3,4
7.27.jpg,38.14658375325328,23.222672891727797,6.90354427606859,2.63482557989156,0.5600093070985226,1.3055329365151511,7.091904984568777,2.514784239313926,7,2,7,2
9.22.jpg,58.613052625690635,16.376998625341503,21.610808828533727,3.63518562690864,-25.188852358407033,4.477200009002324,33.23099903756036,5.519595889683999,9,2,2,1
3.1.jpg,5.303963204779464,5.311668960341794,0.2659827056877643,0.4777591664996696,-2.25741813886144,1.8599010654404216,2.3155602722130872,1.868782992627812,3,1,-1,4
8.jpg,47.422308616494895,16.268234743271837,8.241489996443102,1.1360514812066171,21.007369222210396,1.677021653104548,22.583330744899538,1.824254932610268,8,-1,-1,1
3.3.jpg,6.2846127675319154,6.237525717239745,0.4801253567244803,0.6555271474356646,1.828227264589667,1.3975974712074168,1.9889637307422792,1.4141969804454688,3,3,-1,0
9.34.jpg,71.20553680240675,13.415446076551644,14.07131985735576,5.297912341692492,46.44399113399305,7.714585113405796,48.6760234364372,8.560011451516665,9,3,4,2
7.31.jpg,32.369146551172705,15.711181312756276,6.941198601657899,3.3628089927551383,25.583087169970444,8.826364890790659,26.572442912743572,9.262454660082444,7,3,1,4
7.25.jpg,37.8408826607612,23.02132906603111,8.388187680924862,3.2208495098683754,4.765853510071456,1.718640071917844,9.782230215878847,3.2727082845020132,7,2,5,3
1.1.jpg,5.211731301571842,5.2365200305098965,0.3259292407793663,0.3816218827887739,-1.1996754036344175,1.1099301893634512,1.2591779387354514,1.1565042798736147,1,1,-1,2
4.74.jpg,12.321612672356624,11.6604001612084,1.0870685682571033,1.019174264989699,7.126632182498282,5.329789063201893,7.3402242772877795,5.2475784450041125,4,7,4,2
4.48.jpg,16.96693599668973,14.73355371374435,13.137636293864508,8.300712729568058,16.813536028084357,12.143637616941938,21.629473018159604,14.276839443822384,4,4,8,1
9.8.jpg,51.68854447909826,15.405975106646745,14.80530987015844,1.8494338383366344,7.147507998311882,1.9008178953013688,16.56310757920257,1.7265724573814434,9,8,-1,0
6.65.jpg,27.822577207215986,16.655865424636527,35.07174408897763,12.361354285880028,14.853739710656752,5.936423585960578,38.15090837266048,13.535627504794084,6,6,5,3
8.48.jpg,48.311704431390595,17.41804046209565,24.711810990261014,6.2754849439536295,28.928003720865643,8.01933832557654,38.08102058565424,10.051386536673908,8,4,8,2
10.22.jpg,81.1257781135411,12.31352265630868,15.680599972442304,6.834060838973898,-13.336772820353632,5.218513772521359,20.690498760553567,8.342137576293283,10,2,2,2
7.7.jpg,25.34940774984519,18.15312264513237,1.2084605597624196,1.0068487868457476,12.851452905395568,6.033155079819014,12.99385334660087,5.932343433066681,7,7,-1,3
6.71.jpg,18.52437506680141,14.601551421753188,0.6769676199048535,0.9375987080887878,10.73011382146855,5.7708095862640585,10.83399245299021,5.692062010110928,6,7,1,0
8.74.jpg,50.651001869198744,16.108917650999466,6.679355605556578,1.226847329161033,30.175983472275203,2.509792568445249,30.9291073710038,2.529486146061205,8,7,4,3
5.08.jpg,14.65166749228974,12.241519217067438,6.001247628769531,3.566852720685468,5.560607278641599,2.809645177272559,8.275061424817725,4.367519797072446,5,0,8,1
5.5.jpg,15.781848529670194,12.072536101490954,7.299651643147056,3.8588364351736617,4.557607339522309,2.252499709215914,8.673175308274745,4.335562526125295,5,5,-1,4
5.34.jpg,15.347004651294649,12.406446508430374,4.376019908238184,2.5456872620857363,12.37817248569356,8.057390456282192,13.234457452678583,8.283713228827482,5,3,4,0
5.21.jpg,16.911734762483356,13.533264422041704,4.025629809855396,2.449260682249295,1.1598442285557171,0.777912445492679,4.3395166148024105,2.3072830803412323,5,2,1,2
5.35.jpg,15.15106638173663,12.272095057152438,4.091376857902777,2.3299498356122568,9.48391835027044,5.596369192990011,10.40464779875755,5.9308844561756136,5,3,5,1
5.4.jpg,16.679133039197698,12.94517414098061,4.084480052621034,2.376300912498833,12.885112507560336,8.208726175514172,13.619160940201288,8.38197759296435,5,4,-1,2
8.61.jpg,42.09477566512236,16.48592828774652,48.068939162290064,7.649390438249167,10.049704994203136,3.009019258776951,49.16488595093227,7.874061408621555,8,6,1,0
8.75.jpg,50.01200255974633,16.156911303258095,5.535123401034629,1.0601070601384197,25.311119889609877,1.9456630939427504,25.92835919273878,1.9798996331359224,8,7,5,2
6.58.jpg,22.267961255319825,15.54269596181128,8.316927087146077,3.7788866802512486,5.302966787371693,2.198532196382867,9.931646127755236,4.215289607444294,6,5,8,4
10.37.jpg,82.36646138136223,11.59663318877588,6.013220167761858,4.511336482503808,27.613583776887054,9.716403279220662,28.428714375250173,10.258541529008973,10,3,7,3
7.6.jpg,36.52523721828078,15.305900757420398,46.26309524683787,8.727702290374022,16.586880309335086,4.340455336709607,49.208913925322065,9.42834610649243,7,6,-1,2
6.64.jpg,28.727687592353412,13.560414313272751,41.54749092933908,10.137576938662551,35.43813597685097,12.936385261543409,54.78645543008648,15.830992238859126,6,6,4,4
10.23.jpg,64.88979752149686,13.78648579779202,12.205964547694371,2.396821856968315,18.7442630093283,3.3704623288944906,22.407026003965193,3.9195565163179182,10,2,3,4
4.75.jpg,12.057604290968806,11.40939551414067,1.614657717109988,1.1021373057929853,5.251508443196197,3.4585382676107863,5.596682416817035,3.4696973912754463,4,7,5,0
4.61.jpg,13.218321580630404,10.340768046858573,16.112874419293146,9.547689878055554,3.189463150431072,1.5863775240532825,16.47494729111559,9.59419015087664,4,6,1,3
7.24.jpg,35.35649496871653,22.001828270982593,7.813555931542646,3.15153221533575,0.5885307408247867,1.4132903139988433,8.010068711005992,3.0276011608443354,7,2,4,0
9.09.jpg,65.8439491574902,15.504601849458956,14.238066095465516,2.5346225762940975,14.139377023827958,4.048806189304459,20.149765144468734,4.410058564958214,9,0,9,4
7.18.jpg,23.82152293280375,13.3707711154156,0.1923060201596584,1.4334363003183146,3.307536897815591,1.9550376300985075,3.5329044870608306,2.090999661233388,7,1,8,4
9.35.jpg,71.6589856036442,13.69124397603877,14.519701034874872,4.548951512328681,33.97258136622396,6.760117584711018,37.03172944613088,7.746042000664061,9,3,5,1
3.2.jpg,5.152152952945187,5.041720282417462,1.3538675459692069,1.3594700110260112,-2.652101538828746,2.4768377763378395,2.9836238625621743,2.819126217857102,3,2,-1,4
9.21.jpg,62.6684668804465,16.38654084399949,9.617226079172186,1.527069545429629,0.13351285723002,1.4693407050836471,9.728520290063464,1.5348158231440203,9,2,1,1
9.jpg,65.2027088879394,15.408418033784004,9.652143182594564,1.875478781615299,24.368627252632503,3.8752616874557178,26.238637378087493,4.130719615615699,9,-1,-1,1
9.85.jpg,52.133173429746535,15.362079700454691,15.25431460347367,1.7001797487668455,6.48389179933902,1.5241499082239238,16.64223497387153,1.7276070394013725,9,8,5,3
7.57.jpg,25.503633310329665,17.030683802815712,11.16387471282926,4.6966432470252615,5.682834522824977,2.0960683401191837,12.59203013061963,4.981911709715984,7,5,7,0
7.43.jpg,34.04298655548954,16.862500971350247,26.03701971762215,9.053259776389938,34.803223177682774,14.221658121237736,43.57073208924098,16.583097323334826,7,4,3,2
9.46.jpg,58.94111544239262,12.612716601013108,38.42605181333314,8.172763829334249,59.72759278349415,7.713024478947566,71.56384354251648,6.989128008342594,9,4,6,0
4.3.jpg,12.024364946559174,11.388971316713262,1.5412950019406069,1.0789023028113431,5.325725704580638,3.5389092800500914,5.648509961772478,3.538529192564532,4,3,-1,4
9.52.jpg,64.67697725637161,15.777836847502307,22.360424736303273,4.241418704136572,7.751493506022259,3.530737206508164,23.792370130412365,4.945008330070878,9,5,2,1
6.1.jpg,18.13143530151138,14.493606066925595,3.113994677253776,1.789884521764217,1.3367655218631065,1.382900081416647,3.7903223477365993,1.4944767134648074,6,1,-1,4
4.12.jpg,12.477240943533827,11.600527917331764,1.7239846751811696,1.3874830847304689,-1.5695220579176403,2.8563854413198935,2.9526993988028756,2.607898773084589,4,1,2,0
10.87.jpg,72.48683409351477,11.721753334731256,7.11541699576059,1.5475656102871789,7.122927046464297,3.380771896812526,10.274339736962878,3.102864747084178,10,8,7,4
8.12.jpg,36.780435212085685,15.2089746629889,6.951650574140779,1.1150615533850037,-2.492219632987766,2.5625620371485947,7.752029006492899,1.500912105543417,8,1,2,4
10.78.jpg,78.84451825311777,12.565730075229167,4.971023699521233,2.3955247413984324,16.181275235037603,6.770508091025361,16.970798437947973,7.079199377689345,10,7,8,0
8.06.jpg,43.718501206086685,16.099617516878734,20.710700820828404,2.2038986988501175,16.783945809418384,1.6099384397760808,26.690856545805214,2.383529636749689,8,0,6,0
6.03.jpg,18.18810037321797,14.461221245317038,4.29011577053527,2.3121869211974606,11.32160907304958,6.313524705363149,12.192335136977476,6.567929034251666,6,0,3,0
10.44.jpg,75.94447067609616,12.476062562347789,22.08439015535305,9.155696038532955,25.1103293297326,14.71638958965219,33.75519833796899,16.710308352938668,10,4,4,2
6.17.jpg,18.956333406603765,14.975066401474542,1.1709045813169427,0.8020979158534913,6.274102379365262,2.771288901576491,6.447014899194531,2.7376596460274705,6,1,7,4
10.8.jpg,71.56235188929554,11.917134670302744,10.268132202860524,2.1454616982615287,5.500899042219706,3.043595729697275,11.860018020663055,2.983434702184905,10,8,-1,1
5.85.jpg,13.526269970616578,11.454591430698462,4.468180935201002,2.776571963788612,3.1526482438303103,1.631401113782599,5.553419530816522,3.071511809828136,5,8,5,0
5.52.jpg,15.884925032098367,12.136179673051464,8.057757047665575,4.238137416301391,3.895955973820152,1.868275889946245,9.011142438561206,4.5119283129853285,5,5,2,2
5.46.jpg,22.012812958672708,17.563357129973998,23.08767822710273,12.64705442492656,26.706699847553555,19.71446551215206,35.84086302868867,22.590470913223907,5,4,6,3
2.5.jpg,8.272389672154246,8.076829687428045,1.5363548735743495,1.3182946165737013,1.6724679817780963,1.176146918533186,2.4073559625662724,1.5758791156644838,2,5,-1,4
2.4.jpg,8.452712092528223,8.246160057390233,0.6379115357569395,0.7388740644808478,1.9807899921580925,1.3726831375986417,2.181343683489918,1.415059622204722,2,4,-1,0
5.47.jpg,28.88105017415198,21.821074041450807,12.1659191256406,5.776378911496652,27.20341173975773,16.654946216512762,30.291078219609368,16.770198733230316,5,4,7,4
5.53.jpg,17.204284010329044,12.849778109319937,8.014604622297774,4.073033536770413,6.954753590873841,3.53351347115249,10.684876189247865,5.245114414809842,5,5,3,3
5.84.jpg,13.648527191754138,11.477047991220424,8.295441835240256,5.025877330611023,5.821347774169982,3.147401138729193,10.214896389321636,5.789983918417682,5,8,4,3
10.51.jpg,74.9672938120959,13.910628997372896,18.868960359408696,5.975724618908513,3.0813227929114837,2.9329651447060368,19.231306855463384,6.324604421712796,10,5,1,0
6.16.jpg,19.691480993671604,15.375150369619652,3.1287422389369937,1.718893386208046,3.0234527328351195,1.2524115857848563,4.521106659203112,1.7358047859318142,6,1,6,4
6.02.jpg,17.716031982802935,14.2834358939354,6.729074143524349,3.7287513703698,2.184854184852827,1.015875079364013,7.244498660339775,3.536503182150355,6,0,2,2
10.45.jpg,76.431736383365,11.55841131535556,18.030643061555356,7.413732017707357,27.110578707347535,12.063370859312045,32.72584781786077,13.769342416484408,10,4,5,3
8.07.jpg,48.7367380914832,16.278415034881665,5.811705931085201,1.0682985828794038,23.117132340060756,1.8359790237817035,23.855185792257153,1.9026100788485087,8,0,7,2
8.13.jpg,41.33612380267886,15.713907767647363,5.581035498956523,0.8287227810305458,10.202429718196562,1.1803661388683722,11.664404783191245,1.122156904717308,8,1,3,0
10.86.jpg,71.88955782796728,11.836754153138497,11.025589586892163,2.4302614685453765,5.151755417155149,2.6981686075182325,12.31843624770448,3.0897609402842305,10,8,6,3
4.13.jpg,12.364167336512004,11.474503473956176,0.4895663205411376,0.7907852550839279,-0.3756765453959956,2.1462732489472596,1.788555191628751,1.553611455374696,4,1,3,1
4.07.jpg,11.784839237796032,11.209252806570696,0.5605535630920867,0.6815488605780557,4.832833344136283,3.169480714926042,4.967547872664228,3.0828693474948317,4,0,7,2
9.53.jpg,65.76120503485339,15.562540014373246,20.55210011021717,4.219295480882595,13.087951675902705,4.101440238344977,24.45082994565085,5.519463684428695,9,5,3,4
4.2.jpg,11.924437317823529,11.420669711215918,4.009390523692419,2.90432206137043,-2.6883429648119854,2.8864896454662063,4.9839078737004385,3.902559632336452,4,2,-1,4
9.47.jpg,59.03206609522745,27.705854789956582,12.87840339969288,7.586081664246895,27.14958318495632,12.692149387629826,30.78233010646065,13.19244426001133,9,4,7,1
7.42.jpg,33.133950610484845,15.161802835111514,23.807011934687804,8.033334624009155,21.771981624213826,8.399950975952635,32.32062798458998,11.457034929026058,7,4,2,2
7.56.jpg,25.787113885261164,17.09918957055177,13.017805125655336,5.256332656685286,6.1338377886482185,2.257385820085267,14.445992231199424,5.579009634475586,7,5,6,3
9.84.jpg,51.69280290350394,15.23417048168459,19.45121210113791,2.4058732067601545,10.137462799499035,2.724139729388845,22.1056639878103,2.380459414682169,9,8,4,0
7.81.jpg,23.47491782361118,13.231594630419696,10.919350220359595,4.224245989760181,3.103888534808148,1.9137816046422411,11.410879946731082,4.490541874311264,7,8,1,2
7.83.jpg,23.289143232927376,13.13020847443884,12.247407911547054,4.863180491028554,7.285029040378346,3.4396267225574007,14.315341376139912,5.798552098102564,7,8,3,3
9.86.jpg,52.04999175849274,15.380823878379951,15.468512792211952,1.750102423911098,6.713399051165513,1.6400545766477728,16.94283782102078,1.742842190837996,9,8,6,0
7.54.jpg,28.02102124037342,18.073467237597225,12.292759373364676,4.9135166916648885,9.987772831870211,3.8946564808558537,15.907230974836407,6.094139582323097,7,5,4,1
9.51.jpg,64.31339078328578,15.741484235544709,21.212638677539953,3.67960358838376,4.086066596802409,2.5552408858835665,21.70691688926413,3.9434093894099536,9,5,1,3
9.45.jpg,56.742972199778364,13.935867476862926,27.749393695055726,6.85500065792206,42.49385060777687,10.879242156688637,50.84279126679357,12.494627247120912,9,4,5,4
7.68.jpg,34.77646124829649,15.637408476846687,38.31084948496417,8.728199042105897,13.635434796264692,4.182218785751894,40.7118127823552,9.4798197666274,7,6,8,2
4.11.jpg,12.494218432515424,11.605525899274078,0.4069379074676086,0.8273949474799311,-1.9233180773824992,3.059748399379479,2.593549893178844,2.680464979352102,4,1,1,2
4.05.jpg,12.265903455462237,11.557937089638449,6.699270629478973,4.449627073792668,5.550185516138455,3.695508423455407,8.7953975351129,5.637528894253336,4,0,5,1
6.2.jpg,18.325534188282212,14.735712878258228,3.5405335627364045,2.1692068552845893,-6.0602699371010536,4.332939416741407,7.067593209410371,4.77401280013525,6,2,-1,1
10.84.jpg,71.51795873674104,11.82074752289332,12.614562146397128,2.600745561618944,6.9395010708270215,4.051169286949003,14.69935234024964,3.7932498075293513,10,8,4,0
6.28.jpg,30.297368770756865,20.060786304886257,8.40732948511965,3.644935312263522,-2.727841604003007,2.0460656478235495,8.913987696001193,4.01709724916146,6,2,8,4
8.05.jpg,48.62857150681414,15.83104358206402,21.02616628577886,2.4475073376453373,21.085400799714147,1.7562167930341803,29.80938343031256,2.6775071724234247,8,0,5,4
8.11.jpg,41.296132966204055,15.831146123872252,4.444096839521832,0.7155873573244244,5.036595257555968,1.553706510050964,6.833411771908927,1.1609656533924428,8,1,1,3
6.14.jpg,15.896344039131977,13.1594945705415,6.541165614750349,3.867654001764961,5.11050724093163,2.420605832864528,8.406219661371976,4.365510616117719,6,1,4,1
10.53.jpg,75.96593869351247,13.782928082747793,17.757094431067124,6.5234691524905895,11.114807141024231,5.393304993743869,21.046994252875784,8.21710179287385,10,5,3,0
10.47.jpg,63.12758196562913,27.519844232845763,11.57496494346072,7.460124430062143,21.131268324899747,9.698893025794186,24.795391241145214,10.743410543100548,10,4,7,1
5.86.jpg,13.677141481755992,11.532712911914334,6.448117114253985,3.8995885756635538,4.093665251782924,2.195668371269535,7.712904742049183,4.344555283214203,5,8,6,0
5.45.jpg,17.413833821348305,14.733102312940444,17.019104845564062,9.78181704136376,20.41719796711858,15.328316152521898,27.054439387357196,17.47027282875128,5,4,5,1
5.51.jpg,15.799200939897208,12.11962421432928,7.639866192646728,4.015404521138324,1.9156065619538167,0.7573128261024434,7.933452829482606,3.9742202164800458,5,5,1,3
2.6.jpg,7.809393294042294,7.777806539886554,1.7476269570310292,1.3239580260675288,-0.6104255474853517,0.7304920348548873,1.8897594805382656,1.4635955395720242,2,6,-1,2
5.78.jpg,13.542853011002936,11.435782444867083,0.9309756792498554,0.7664755885577209,5.009932166027582,2.747301301086841,5.1606717473339465,2.7329018289411953,5,7,8,3
5.44.jpg,16.013117656232858,12.728278220693351,5.030086830828682,2.8485829968209786,18.275247495694636,12.619954570046248,19.13832313968234,12.66446644732722,5,4,4,1
5.87.jpg,14.51403878474714,12.06903171229682,3.2555979342081174,1.9885776320048083,6.02039707954779,3.3246224315842405,6.916836786803801,3.742862952402658,5,8,7,1
10.46.jpg,70.95881884110952,9.43813921680966,30.1613766109029,12.823807058467686,46.80670269379283,2.48330114103098,56.639566344151014,7.9468479604305875,10,4,6,1
6.01.jpg,17.95481791896562,14.406699872146875,2.8758404002749285,1.618671149583588,5.91131120710485,2.646984862131429,6.651573252128887,2.9321078795821407,6,0,1,3
8.38.jpg,53.204082578258586,16.145695718487207,13.18785757496536,1.9048612621029952,31.98561211756288,2.5868874307863057,34.62496728442207,2.9036345350058985,8,3,8,1
6.15.jpg,18.380869922417773,14.603871732064992,3.8689688706692222,2.1472543332860523,4.568703997907621,1.9610903477705643,6.087673418340023,2.6904990649088676,6,1,5,3
10.52.jpg,75.38483311316925,13.971895182924326,19.53444694943979,6.698436624792779,6.711968778521932,4.567905499199257,20.80836338962107,7.706618546145133,10,5,2,2
8.04.jpg,51.1581168367696,15.539847203584346,24.16358086977345,3.8050509600223266,27.279314727311345,4.843560091782399,36.71476103332757,4.243166491962347,8,0,4,1
10.85.jpg,71.77361669482819,11.881770609933389,9.857620212715045,2.139211050188722,4.793308243862165,2.5526974337770345,11.114831018716291,2.7751576009028533,10,8,5,3
12.8.jpg,70.43626700805883,14.01931434580699,5.941889165838996,1.49788970012433,4.945059992902798,1.5953086796437368,7.790785440383139,1.9626540070837368,12,8,-1,4
4.04.jpg,11.773313596673455,11.252487187574088,1.6020840603946414,1.1580956442452268,5.488263789995639,3.7657129494351342,5.826005301075566,3.7771887079877944,4,0,4,4
6.3.jpg,19.19013878750314,14.911296607413464,5.5213039821507195,2.8877908691803507,15.498653923855349,8.894512363000462,16.5745657004172,9.133921897903075,6,3,-1,1
4.38.jpg,14.703017435709624,13.284273562617798,2.305435616227542,1.51859625922763,8.192451421713807,5.6424840879741005,8.638565503972599,5.65245442200702,4,3,8,1
4.1.jpg,12.364167336512004,11.474503473956176,0.4895663205411376,0.7907852550839279,-0.3756765453959956,2.1462732489472596,1.788555191628751,1.553611455374696,4,1,-1,2
9.44.jpg,62.1156979117033,13.928027209979296,30.840033104791207,6.080847200920815,37.634900221272375,9.984031187019152,48.84728293242474,10.86710118263871,9,4,4,3
7.55.jpg,14.460104561139852,11.68238547545955,7.8896134927361246,4.472741787328367,3.825430076555504,2.034549553759211,8.830254284932833,4.801180748692944,7,5,5,3
9.78.jpg,67.70257351324811,15.03096402519862,5.629487128937922,1.4624517589482984,21.739001189149345,4.638893072891962,22.482026574829515,4.742559774462567,9,7,8,3
7.41.jpg,29.574411225602052,15.102179686497404,19.59613144389407,7.682386795366874,22.108381850930535,9.301273664854955,29.610091576397,11.89807342104023,7,4,1,4
9.87.jpg,52.23617993174289,15.381921247440344,12.728469231001265,1.7858912948648704,8.183824288717641,1.9181422270214272,15.271123535602866,1.627996386256353,9,8,7,3
7.82.jpg,23.203249930483604,13.14373774217058,9.403113778568384,3.6951532477551945,5.3240258155518765,2.4579957629934515,10.868471458254724,4.282058905918695,7,8,2,0
9.83.jpg,51.74289972024826,15.260336828166782,18.479513122803027,2.274698556042575,9.540112667834402,2.5555355503934005,20.95621359300265,2.246838286450759,9,8,3,2
12.jpg,82.68460646569523,10.535103518682064,4.215301011027601,1.816785620256841,8.202201770409438,2.7757425407690577,9.28386158356287,3.1401030613549143,12,-1,-1,1
7.86.jpg,23.089413543720138,13.125208453050377,8.574613143155256,3.5091492566387337,5.138510918169643,2.4026864163927333,10.063602051996387,4.091360320340907,7,8,6,3
9.54.jpg,67.58298038516561,15.26310677243189,20.83188095822194,4.9972026450189615,16.047387410985895,4.770417786221493,26.37232705565273,6.611746575298319,9,5,4,1
4.5.jpg,15.116782352847707,11.73369581461353,5.121697025143351,2.8057474117037793,4.199668029617353,2.1072715078540507,6.702438579527877,3.355461340874703,4,5,-1,4
9.68.jpg,56.61361869667823,18.108255107356225,33.70945565966606,6.653986185153566,10.07984419355103,2.628929846009528,35.20914042443702,7.030924170902736,9,6,8,3
7.45.jpg,35.36853518570871,21.27554130057516,26.0616475620951,9.314432411820672,30.52177578947743,14.58657111782093,40.670837036122016,16.00618611365042,7,4,5,3
7.51.jpg,25.531388504963783,17.070400213149693,11.60724933695844,4.877854649234435,2.2836671220564217,0.7658146187307189,11.886415913752607,4.799627842790737,7,5,1,1
8.8.jpg,45.2555375144769,16.044340862053453,16.627775532797287,2.120021128351162,11.04891496919586,1.379792887139104,20.048509945067412,1.7369536966195662,8,8,-1,4
4.14.jpg,14.393950085400174,12.930044759492311,0.9367987444551826,0.6756862777944057,2.9215809203064915,1.7729468366481884,3.1831986685869205,1.6971639960235674,4,1,4,2
6.7.jpg,18.359025026300724,14.54129056287261,1.0697676266914675,1.0413343786318383,11.631479326164603,6.478717739159467,11.768437556263663,6.402948727442296,6,7,-1,0
4.28.jpg,19.600243006793058,16.776690543472625,5.8329264352002035,3.56483431368355,-0.9569975034219242,1.9830841344289916,6.1325633688714065,3.737807902371293,4,2,8,1
10.81.jpg,72.04124316797088,11.996285263319626,9.68812712246507,2.1221670862007924,1.5309954957106744,2.830710373688898,10.170858866466787,2.296497034356402,10,8,1,2
10.56.jpg,75.33450484839942,13.52387240453642,21.236131969238187,7.851726136134635,10.308936425316416,5.529274202368799,23.703449077021165,9.360365890873128,10,5,6,4
6.11.jpg,18.355001528874624,14.678330097277444,2.150704239093547,1.2451804554418973,2.4246786121794264,1.051702080314197,3.429003025184477,1.1845188820963206,6,1,1,3
6.05.jpg,18.21145255483884,14.380855555665836,8.737857999995086,4.4619501328891396,11.315637627075075,6.2428340567329945,14.376591693890363,7.522592947302992,6,0,5,1
8.28.jpg,45.33325885763032,23.259499704663583,13.20604974621901,3.886393910815558,-0.8726854468646327,2.237462342372535,13.420454205416911,3.8939740719022944,8,2,8,4
10.42.jpg,77.80568345927689,12.932513896512118,17.984822258005128,7.063923117426468,11.141355587864435,10.660334725709028,21.894210602219523,11.479064611979608,10,4,2,1
8.14.jpg,38.893256927154255,15.331015390063596,12.623203875852084,1.663279786746217,10.882255654084302,0.9759971737880928,16.71049189479876,1.499098054925975,8,1,4,2
5.83.jpg,13.647554101108437,11.49444521183015,7.549148342073116,4.608075601546431,5.210219142545104,2.8160616534745735,9.252873380186012,5.261646358313273,5,8,3,4
2.3.jpg,5.825888623427807,5.819102503105859,0.3018979611134985,0.5788255585301975,1.1417434499292176,0.9431769915523698,1.3114975140747476,0.9483230565361634,2,3,-1,1
5.68.jpg,19.621056419307045,13.57778836623038,25.435893949111385,11.727365543567002,12.58128256745783,6.3671797264069045,28.43079684712544,13.230088545846977,5,6,8,0
5.54.jpg,18.292754869666297,13.420407123170564,8.582433500821853,4.230517727784983,8.795064302671419,4.5072430263396654,12.364097089287606,6.02934026195359,5,5,4,3
5.55.jpg,11.722451107837992,9.661878290835997,5.881745536535136,3.5255394289675897,3.589399773106036,2.034886542338174,6.961595101237676,3.947797669529479,5,5,5,3
5.41.jpg,20.29429126974353,14.330485611508877,12.787471123612756,6.616134081323565,13.582149321430666,8.15821242595873,18.760449419567244,10.31355397871397,5,4,1,1
2.2.jpg,5.055850055791091,4.9476972345036305,0.8522014591700303,0.9321393930174744,-1.9317046158395867,1.916931391347842,2.1229383673284583,2.1199935248820996,2,2,-1,2
5.82.jpg,13.589558818683068,11.48064015410734,5.859463924504617,3.5704596716101342,3.9501657580877816,2.106371445481863,7.145166809818457,4.008578450242016,5,8,2,1
8.15.jpg,41.68675644863541,15.69393679353807,8.576487532918636,1.1118971361267564,10.732433731740866,1.1901973990041343,13.77760186143674,1.2537321269617854,8,1,5,4
6.38.jpg,20.75838098942179,15.775247245878642,7.064918191709548,3.5798555658919025,15.27354345249208,8.362776008360147,16.940163991890497,8.88686845954299,6,3,8,0
8.01.jpg,48.31030195045965,16.441066269498375,6.1636307139743725,0.9018411853644386,12.534594229769658,1.3426108835311452,13.99488897582827,1.36579652425212,8,0,1,1
6.04.jpg,20.984702640638663,15.325545599001918,14.394935000875469,8.473925905178977,18.0862157556475,9.72974590761662,23.350596482550863,12.471983548000289,6,0,4,0
10.43.jpg,80.85014300923238,8.647778495568959,16.42237503553408,9.123142939975756,30.819714389474523,4.696332194944781,35.50140874873271,8.03034537865115,10,4,3,2
10.57.jpg,76.12048835429631,13.5018429811645,13.637854715336806,4.216667930524546,11.701596928520438,5.615035833594886,18.099758904120687,6.680276594256139,10,5,7,2
3.08.jpg,8.823605710662623,7.760114550857839,1.961333930637526,1.3959519396569269,0.0932872955182925,0.5269441277413421,2.1045116674615167,1.285657761648307,3,0,8,2
6.6.jpg,28.00949509827355,16.168179375153816,42.45155959117093,14.789291167140975,19.97841405969124,7.980073859380608,47.02819502105038,16.493196329180776,6,6,-1,0
4.01.jpg,11.907338314047268,11.394338038673764,0.5312067362168648,0.6490356204433557,1.0225046299693483,1.135575627817414,1.5154621657233238,0.8613071358518433,4,0,1,0
4.15.jpg,12.420432515318398,11.522596032254668,0.9527540430761756,0.921007125794824,-0.2817269856108351,2.1051508982576697,1.980458838785784,1.5312764541697066,4,1,5,3
7.44.jpg,39.75990751268589,15.360183124284472,42.2359429271184,8.999183865949483,43.32634427198876,12.973359434970147,60.61447546207377,15.36963606132066,7,4,4,4
4.4.jpg,11.650708632821337,11.13611168478193,1.4388622025146869,1.0039751567722126,4.793726284038235,3.128066961313506,5.105096123956441,3.127442840268428,4,4,-1,1
9.41.jpg,58.54877719013236,14.335802287396689,18.970955324154342,2.335239732370696,17.635738582480556,3.89230007838906,26.021767334551136,3.79307138807221,9,4,1,1
7.78.jpg,25.826595623027774,18.41918992361327,2.030066259868491,1.0175662736084825,10.36107999707497,4.548505934825143,10.64025623398652,4.47017252023671,7,7,8,1
9.55.jpg,63.26682142426761,15.276649547091766,30.331799134319517,6.547351193715465,18.251014135611264,7.657410775280614,35.66446486031014,9.09215317545416,9,5,5,3
7.87.jpg,24.09747188267597,13.402525906748073,8.096817186345083,3.4920100065671544,8.128271565354952,3.5113858794548993,11.54724402484554,4.77622940197814,7,8,7,2
9.82.jpg,51.7030777456961,15.460008234250642,12.95522444359006,1.6475290380664471,6.222805343094214,1.4884592431047805,14.461224043602616,1.5375333271904614,9,8,2,4
11.jpg,77.0733029752457,12.0538704173019,7.463052697891772,2.676596825364817,18.22784380804175,3.4839693064079356,19.77821626984692,4.0094662161670085,11,-1,-1,1
7.85.jpg,23.19773580341231,13.165469911853902,8.410131003032541,3.3276124220558043,4.697304953087471,2.171095986459532,9.69610214369955,3.816705744913419,7,8,5,0
9.43.jpg,67.68788456555127,14.815068420837012,22.860431980413328,6.144588949556749,28.979832410147477,3.1111166121558487,37.21868101000032,4.96334974192089,9,4,3,0
4.6.jpg,12.960822156031382,10.277578771372967,12.406639330500507,7.253491456851273,7.40485907464689,4.41465807037747,14.508292610920428,8.388589100759296,4,6,-1,2
9.57.jpg,65.67739492134396,15.458491494685225,15.199225789480176,2.4411835106284143,13.119408113802518,4.1107926039530085,20.200999583982036,4.232368418432236,9,5,7,0
7.52.jpg,25.559043192899836,17.05788180474023,11.582901942423616,4.851738874794686,5.301584585934809,1.936813287894858,12.80073396772007,5.0697378865815566,7,5,2,4
7.46.jpg,37.23247112622119,15.88058485045859,39.119443086945765,6.020552177671029,45.600143515766774,15.501921777077229,60.52109452583024,14.948500285765045,7,4,6,0
4.03.jpg,11.14858959332112,11.011862960989657,1.258972892331008,0.9055094699627058,3.488529300525999,2.2551074882151116,3.8014396473443046,2.282402947651345,4,0,3,0
6.4.jpg,20.88929083605826,15.058822117859192,16.499330440905368,9.976027334755884,21.330637150685327,12.114848558153602,27.251197727729913,15.194962508257246,6,4,-1,0
4.17.jpg,12.932574161544087,11.888018042228468,-0.5331832623424385,0.7421628067146921,0.6023005701967425,1.7457656895450822,1.718256092529781,1.1371674648217749,4,1,7,4
10.82.jpg,71.21124207614085,12.0329930382674,31.562711266410563,6.104601962528009,1.543404088135243,1.2916907328536416,31.624267039484927,6.1177776154140275,10,8,2,4
10.41.jpg,68.07321944210261,11.751889292142804,16.145100095045212,3.864644591539197,14.690422594120284,6.196304235969368,22.00104185596745,6.764362078455176,10,4,1,2
6.06.jpg,19.34576809484612,15.195459817123917,15.927693807974698,9.552502259375787,13.16881077084158,7.608382432935703,20.754115061454687,12.062897572138844,6,0,6,0
6.12.jpg,18.380736842236825,14.67947685847955,2.025056896126584,1.3028559760490084,1.6799796713500494,1.2639579454297205,3.013360263474877,1.0667100980826092,6,1,2,1
10.55.jpg,74.22577625902797,13.6562956224551,23.93492604956481,8.57346103417433,13.922198866050431,8.035450619332538,27.89407123046168,11.256189284751796,10,5,5,1
8.17.jpg,41.33904673507432,15.799620442822295,4.478872874485973,0.7215727537183424,9.75775925956285,1.0359003910765825,10.761529584475392,1.0283024141724688,8,1,7,4
8.03.jpg,49.167082499494384,16.26435686404022,9.567658209860875,1.3767598294044143,26.17528734771907,2.125096832710211,27.889344361258377,2.2982007379214338,8,0,3,0
5.57.jpg,16.289137369545553,12.369982300300904,5.479852708729667,2.9142840359552986,5.387448240237,2.696701819888946,7.764473443097484,3.81203207615765,5,5,7,2
5.43.jpg,20.41324100997509,16.966338615004013,14.60413681191776,8.491583006415338,23.903998805225104,17.990418840558107,28.49510492560521,19.195653627676077,5,4,3,3
5.42.jpg,20.374975048323893,17.15675948283338,13.348121491505315,7.5582062041298865,14.44083609388363,9.011032570315262,19.989614485022763,11.200473034206912,5,4,2,0
5.56.jpg,15.901235402026805,12.13088763789196,8.06636752966574,4.216048185206798,4.745814750534771,2.3434193992543366,9.422397593573043,4.698312797106566,5,5,6,0
2.1.jpg,5.230699871637819,5.253376357239268,0.3289518827549942,0.3644222102168514,-1.3386345432579347,1.1724906497641094,1.3963766860972964,1.207402916668237,2,1,-1,1
5.81.jpg,13.74442933556477,11.601111551662708,6.352657344497,3.868977145612129,2.516555077538334,1.0666513879381792,6.9304589882140855,3.8424955880544074,5,8,1,0
8.02.jpg,42.49225143956631,16.005417906755316,9.792259894584948,1.3215356388916046,1.9232526397638263,2.209646974084997,10.25309635173006,1.044158013204236,8,0,2,3
10.68.jpg,76.66923127965141,14.019379640713709,13.813794156944292,5.687347851796499,3.752989762931066,1.9054549545782924,14.54899418487854,5.404562290391845,10,6,8,0
8.16.jpg,43.23676035770889,15.99315944040714,7.627691136336703,1.0542356968273263,7.261332293443726,1.5288546687221056,10.63481206332444,1.1216954254456548,8,1,6,3
6.13.jpg,19.938679270359625,15.541111720269784,3.3418100720632125,1.7495293353204842,7.962008297366955,3.71200700247698,8.707283252841918,3.9477003332886103,6,1,3,2
10.54.jpg,77.83704025643132,13.308163214871009,17.5585529061994,7.620420563971469,13.930699921635798,6.440680335987943,22.519286593211636,9.736636203609905,10,5,4,2
6.07.jpg,18.088491283057508,14.35354082814875,2.210435902932518,1.374111560278003,11.117068731333818,6.152701681231937,11.423955945684796,6.141041863360848,6,0,7,0
10.83.jpg,71.64860926767572,11.74502886095176,11.760787076997085,2.3841152973895454,6.3884158232457,3.7822545801099614,13.673250761039592,3.4870673189511545,10,8,3,3
4.16.jpg,14.427834469671142,12.96782010290799,1.325923958199006,0.9535912748158254,1.142092261322685,1.7304533044861432,2.3358619335679283,1.2288218186618711,4,1,6,3
4.02.jpg,11.614081178287025,11.159037115854169,3.025293376074604,2.1677689534549804,-1.6931270991225142,2.547041481054346,3.802096169503949,2.958003827705788,4,0,2,0
6.5.jpg,20.78181546136089,14.792782961885392,8.852381582456292,4.156975075096773,6.627621532304624,2.966587785965869,11.129424832356085,4.950456001686412,6,5,-1,0
7.47.jpg,42.064845521643534,25.78194995619219,12.45054903048362,5.015781203536346,31.188373466626224,15.367051318173916,34.1884525656732,14.838626928260028,7,4,7,1
7.53.jpg,26.87640341090933,17.610735550036043,11.774878979845283,4.813015230469489,8.035977576566921,3.084110714689664,14.321963254474548,5.548236985544547,7,5,3,2
9.56.jpg,64.4241497913198,15.641561732960902,21.5172897387594,4.093928778606587,10.9106696849388,3.82366472442444,24.22357015684428,5.160986756533704,9,5,6,2
4.7.jpg,11.898739419322666,11.29649410782292,0.0929685801393658,0.6256802934686523,5.015522735628048,3.300462263323106,5.113187265347857,3.2099773269034833,4,7,-1,0
9.42.jpg,62.8880004118575,15.052894895801275,25.005570101688807,4.395703795566355,21.454443624313733,7.224713407707341,33.22123698731686,7.310252803680855,9,4,2,4
7.84.jpg,23.291555409848797,13.066840446309287,14.159922242965129,5.515925633791936,8.714957535942798,4.087929827800794,16.694010821290075,6.700782891073317,7,8,4,0
10.jpg,76.76116667954001,13.18818286414411,7.60444707242898,2.938874811322385,18.057563374793883,6.387850967434366,19.64076461640121,6.898202717662785,10,-1,-1,2
9.81.jpg,52.1202252195294,15.51900967720898,14.001668401177383,1.711309329997828,2.656087455430069,2.0964240773329084,14.416394199668424,1.610177133779994,9,8,1,4
7.76.jpg,25.551813619499036,18.267155623869495,2.451524889888227,1.19189129539278,11.115862669295783,5.164374382299645,11.465644494380644,5.118861310628557,7,7,6,4
7.62.jpg,26.463943524611263,12.964072054376729,42.86647351886023,10.143613538599064,3.716428395397041,2.619482067556983,43.091693239106114,10.208180428986113,7,6,2,0
9.67.jpg,56.416939317519464,18.25092545287112,30.37277588945758,6.638058243776603,8.993671535286047,2.4833072259991993,31.700014569883976,6.980784426656002,9,6,7,2
9.73.jpg,67.12288097294277,14.90073346377861,4.78509252217616,1.2822075016461834,32.773124161943954,5.468527746221869,33.15479424616012,5.411399824744541,9,7,3,1
8.7.jpg,49.64630886745775,16.23511791111328,2.4817473428503005,1.0641054295433432,24.69961470424817,1.9286079091902784,24.846301943098148,1.9347260780350777,8,7,-1,1
6.8.jpg,15.477634423976042,12.81790619912676,8.681315807678228,5.065230200394872,6.112500651196609,3.0995341727908032,10.705011652258218,5.7787804041881445,6,8,-1,3
4.27.jpg,19.391215214990257,16.638628742737303,4.262229493181442,2.571326004817922,-0.3520576399714522,1.71149615522271,4.567112800045677,2.6406366691504504,4,2,7,2
4.33.jpg,15.094978591671468,13.60914349032189,2.461621308218112,1.6009125193502916,8.472268429844434,5.866684724182012,8.953681553223594,5.886544742328796,4,3,3,0
12.3.jpg,86.84749782840011,8.724582194504588,4.9980364787661316,3.0937900491642836,14.984238448846922,5.7133682729543915,15.90323486869226,6.229687402823643,12,3,-1,2
8.33.jpg,55.485477248525655,15.908772325898743,14.108638176086714,2.4127067708285654,41.881895062892426,3.56903442655363,44.23749094791796,3.8406198166008294,8,3,3,0
8.27.jpg,46.5171293327659,24.295013637093135,9.043250592027508,2.627697423783269,0.9310813176659336,1.789383312260116,9.288071281941686,2.546706096320285,8,2,7,2
6.22.jpg,19.620531913483187,15.438910913810252,14.25506083386855,7.698133578668777,-17.09869201810638,9.882454572034025,22.28764471300271,12.48026803468794,6,2,2,4
10.65.jpg,77.53867049536117,13.667422821718135,15.58809043277012,5.490628697181657,4.006503262332702,1.7286095357697122,16.143872108622848,5.617038320075799,10,6,5,3
10.71.jpg,78.51213723643379,12.755837796092765,2.420514464313454,1.317828940380222,15.61884081046847,6.521525732467128,15.851233392981449,6.543122301414719,10,7,1,1
10.1.jpg,64.27990347295768,15.279700820042835,5.912356493475864,1.926615150390018,10.46157397770988,4.040035682478031,12.089848972376332,4.274315790343732,10,1,-1,3
5.73.jpg,13.65926046834911,11.576363562195896,0.1938624451323098,0.9325921170790444,9.032860512668272,6.476917902991679,9.113764221127871,6.433478607221426,5,7,3,2
5.67.jpg,18.18118495140064,13.241427214229004,17.772833919200203,9.375618024245814,10.179478734083506,5.380619644291305,20.54309792961341,10.692512397212411,5,6,7,2
5.66.jpg,13.90205617150101,10.197297399046452,24.152424809443417,12.0455126599762,10.974922080798686,6.5108847337443425,26.589063599839186,13.575574794345863,5,6,6,3
5.72.jpg,13.434546902998958,11.35375703027722,1.8036880829498525,1.16920503499176,6.378468138726466,3.747709733088605,6.6973840167734515,3.8073038342807264,5,7,2,0
6.37.jpg,20.16893966988519,15.464590311155504,4.331311735967843,2.270557200060642,17.04205992614724,9.80237908496871,17.71820932722429,9.823400217916754,6,3,7,2
6.23.jpg,17.840726168227327,14.26720983924152,6.2036671542473085,3.435508834418453,8.168181619452115,4.12589253266234,10.342063025733616,5.2030875106269425,6,2,3,4
10.64.jpg,66.4083598178177,10.065831959692956,42.87783415136013,16.51356546103299,38.61795401883084,2.835365910478864,59.208119659964225,10.246499135097917,10,6,4,0
8.26.jpg,37.361300344800455,14.929524567791471,26.335824303967613,3.6650891928131104,-4.832152823606372,3.3934973753042317,26.950506597317226,3.942618426321473,8,2,6,0
8.32.jpg,50.83411123122941,16.158207817451256,11.65212705652457,1.6238614220893377,28.417197456107473,2.2689836887209305,30.73592550949671,2.529282936583418,8,3,2,3
10.58.jpg,76.13302732394135,13.819744901119618,16.71681311490543,5.952727605420531,7.275709512594472,3.78787743100561,18.31613946726581,6.832993928188211,10,5,8,1
12.2.jpg,83.28765660054758,10.395061284341718,8.098565209326217,3.251534296189294,2.796886629003929,1.7061424093663806,8.642062726802964,3.4939207620589796,12,2,-1,2
4.32.jpg,12.1076465405611,11.459565739602104,1.719003487637627,1.1816270054333446,4.092808078983264,2.658282785681823,4.5286331041786925,2.767714385239116,4,3,2,3
4.26.jpg,10.31186660546304,10.130210183648714,9.828242507082654,7.2909095812647235,-1.9431234633449723,2.2823451554548293,10.101132921255685,7.530182946632751,4,2,6,1
8.6.jpg,41.51920370272259,15.662009337712163,42.87664628096813,6.596683985365258,14.018246563435596,3.0201419965423772,45.147234284994255,7.0201685673794785,8,6,-1,3
9.72.jpg,66.92231738295773,15.001812574990028,5.932035672821292,1.2922082712947072,27.38649998385878,4.530223352929472,28.047758768606617,4.552513865042182,9,7,2,1
9.66.jpg,56.206662571478134,17.16380293939599,42.36653996610525,8.563603398866904,13.08287523488744,3.848628148973366,44.38153873537642,9.19301878566903,9,6,6,2
7.63.jpg,39.02715147069328,15.299499411903104,45.56767463790097,7.2807031124545825,48.12770154029299,14.922791158089504,66.5919085163701,15.293942636357048,7,6,3,2
7.77.jpg,28.754511840496225,19.684473636831644,-4.169863978842468,2.6658998496493367,18.3593887180486,8.710817905304769,18.884939919974656,8.988845004178476,7,7,7,4
7.88.jpg,25.209340178654298,13.730516223682756,13.86739678829754,5.048078765135271,10.153684683273124,4.162194881769178,17.246200276232965,6.385730014361507,7,8,8,3
9.99.jpg,66.12059893343002,15.482210142625116,15.759304526548284,2.9074044369759005,13.780024083485,4.20254540507424,21.03547914263986,4.676296460162989,9,9,9,2
7.61.jpg,30.9618100278976,14.283972090175904,42.22832882778919,9.018530135629575,9.33492030912693,3.250191666626701,43.30457585457965,9.326512450947028,7,6,1,2
9.58.jpg,66.36916157494456,15.76558480388568,18.050188193593772,3.746648146498681,7.898522528990312,3.2599375985917725,19.804483536185824,4.5434512554266355,9,5,8,4
7.75.jpg,25.55552514750486,18.246314857424547,2.813740781528823,1.3284905765919566,13.17635769007306,6.2016793683512965,13.565990381405207,6.141918131490753,7,7,5,4
9.64.jpg,57.52114002049886,11.273806670481235,52.86462686261488,13.41838213201549,47.222732535000944,6.143832940947634,71.91599944398774,8.399043255940354,9,6,4,2
8.4.jpg,50.48448439788013,15.00671426014267,28.894043583252603,4.851062282943649,32.07540175286096,5.224990190523828,43.47425345785931,4.95174375793174,8,4,-1,2
4.18.jpg,12.37161060366371,11.480884795256909,0.4709552571439664,0.7874919935604957,-0.3720726209476138,2.148144685747054,1.7845749046450063,1.5524814105253648,4,1,8,4
4.24.jpg,17.157071529339188,15.205316569033256,5.158786556171823,3.217769212882453,-1.075523487079635,2.129871659612042,5.5384724624596755,3.462014482893983,4,2,4,1
8.24.jpg,50.8086143126588,23.969820649434393,10.082929011326142,2.8048808317106313,4.323374027057481,1.950154725680154,11.12340225030924,2.880521261383622,8,2,4,4
6.35.jpg,19.40091453222896,15.025298218679026,6.824487090276352,3.556571635725541,14.711085287836225,8.203937836299396,16.329249618991103,8.734933262133792,6,3,5,3
8.18.jpg,41.68863161742971,15.694220594806684,8.570497910399295,1.1135944993792235,10.735116780824551,1.187502223040724,13.77599689149478,1.25233007406196,8,1,8,3
10.72.jpg,78.07352861989544,12.71281765228698,4.059681921617275,1.8367217262677589,20.117709756736545,7.040270548830426,20.56417333789396,7.159399010428393,10,7,2,1
10.66.jpg,76.930585134612,13.579368429970105,20.418841086340255,7.507817088250408,5.334726843222421,2.579854357616002,21.180327058473104,7.7333752937681,10,6,6,0
6.21.jpg,23.401353904053515,17.525431843298687,4.578317540785396,2.381832963987601,2.5698027584931653,0.932385800719696,5.398448487529686,2.2280267500711064,6,2,1,1
10.2.jpg,77.14818802918118,13.015482687331296,9.164322695078956,3.139557514862109,-5.1942133866432005,2.4053076596506293,10.879202098555773,2.872272826700755,10,2,-1,2
5.64.jpg,23.433115923453656,12.031673276773043,37.77710805300825,10.275228312779376,30.04404180613493,12.990553883515313,48.496942770021114,15.8787811225861,5,6,4,3
5.58.jpg,17.38743110248339,12.998577411411556,7.28044501207866,3.713478060964389,4.277344592432377,2.007905361302715,8.511333623649994,4.084037161002406,5,5,8,3
5.71.jpg,13.383518119396827,11.3258021846062,-0.1425357557031091,0.5646074367783053,5.0499041954942765,2.7836434497000284,5.102098275686435,2.7491624948855504,5,7,1,0
5.65.jpg,20.435446367034945,14.019661264049764,23.84924603617039,10.503625487185667,10.07578066099195,4.881483615730436,25.933667212282575,11.48511332162155,5,6,5,1
10.3.jpg,80.67545913336853,11.738617898923293,8.809821666418356,4.598603373653678,25.156568894453414,8.900650100983098,26.765199594004248,9.71898823113294,10,3,-1,4
10.67.jpg,77.72302101064248,12.980304971897176,17.311068427165498,6.11307022946992,4.401376043274036,2.004355306252353,17.93298881728498,6.232189107174033,10,6,7,3
6.34.jpg,19.760981587449237,15.191713354366485,8.192391820945247,4.231830489404437,18.20711864223007,10.982651359758195,20.120877442254297,11.501815688619168,6,3,4,2
10.73.jpg,78.2626944141893,12.589529788894207,4.029304639036437,1.877662251766349,23.760530662403685,8.421340564177747,24.14413035441132,8.503156772161415,10,7,3,2
8.31.jpg,51.543707051403835,16.169409806785254,10.07568914070726,1.643919181529981,34.45943672077276,2.866965916309294,35.92903560841478,2.999775802130919,8,3,1,4
8.25.jpg,46.16621380871681,24.049948701503684,11.43386501387396,3.3340751969331848,6.783943611967032,2.5090602611721646,13.418592252043265,3.756059487314076,8,2,5,2
6.08.jpg,17.8441969832406,14.246237242294429,7.802969230905606,4.290955833419219,8.853473493676658,4.6284573102185,11.8882354125908,6.146145095373711,6,0,8,2
12.1.jpg,83.80465297895546,10.090158870818856,2.251852570801529,1.1762152838264386,-2.10013149203314,0.8909009429368339,3.2071726772538076,1.171589768973809,12,1,-1,4
4.25.jpg,19.10447136147956,16.46218610017802,5.820695248075697,3.497994639095494,2.1874772776457614,1.2991162681090829,6.3752622360143345,3.4561902445385493,4,2,5,0
4.31.jpg,12.31224256810341,11.633161451405112,1.0576551266132586,0.8790212758780651,5.821801458692182,3.9439271670302873,6.0322963255814575,3.8666067208786488,4,3,1,2
8.5.jpg,38.00712076466811,23.949522523245363,14.470341586840767,5.174886124050256,7.655173291595856,2.489641702024289,16.441907451268282,5.534790450368517,8,5,-1,1
7.48.jpg,34.384445877348334,15.56823210951318,21.323725069359064,7.355069810294179,25.894732037012737,9.952439461122102,33.59079242689628,12.24929244393634,7,4,8,0
9.65.jpg,58.06704244697496,18.29995436755556,30.832517354005205,5.709658663891321,8.829251439367889,2.132198058981817,32.09189502266344,5.988034054665579,9,6,5,1
9.71.jpg,67.42225686635199,14.96840645029516,3.144083154626972,0.9626904093483386,24.27356929414723,4.424608148502092,24.50921424825507,4.346696698200729,9,7,1,1
7.74.jpg,26.13367723154049,18.53809246892849,3.77999674602714,1.7779935167509384,16.87055725836137,8.65818297314874,17.405677276718347,8.606501582436803,7,7,4,1
4.8.jpg,11.94769569826415,11.369673690211153,4.1278325956233255,2.8217606610798445,4.109005547255293,2.6027512126376418,5.933239603252672,3.66827526755608,4,8,-1,4
9.75.jpg,67.12482767781744,14.908976689543367,7.276706351714744,1.6493061984308093,27.729102401705315,4.685840250457546,28.69437364209316,4.812879222490668,9,7,5,2
7.58.jpg,27.066084734373096,17.775018725115505,10.18218914923754,4.153935403103034,4.876363689121027,1.746968535590688,11.351487685954938,4.348184036185549,7,5,8,2
7.64.jpg,37.05122982067356,14.242828369274225,52.102216675626664,9.66458719011456,42.82354242259408,12.880385969427858,67.62375775664822,15.32425343305774,7,6,4,1
8.1.jpg,40.89868387595225,15.725930792558827,5.220482062797083,0.8029210843562096,8.919991695280448,1.0677148641408742,10.372181926258431,1.0110510369250634,8,1,-1,1
4.35.jpg,12.582038443176138,11.769999103673555,1.565862691307096,1.1085468986354332,5.526006998097802,3.712945373773568,5.848763404478073,3.714227446534763,4,3,5,3
12.5.jpg,87.79129469206953,8.662853595365451,10.123366417608128,5.286275708000814,4.369955985247089,3.163428413774846,11.12251322289953,5.985044087945849,12,5,-1,0
10.88.jpg,73.40351793899605,11.825634764927198,13.93038840255258,2.9367263336576857,6.629155955397197,3.25479475852008,15.591950923624491,3.7564007508681567,10,8,8,4
10.77.jpg,79.8242953532997,12.052277243263434,-12.197283024380104,3.324875170686628,31.81110071421903,9.639602276346425,34.0922407129386,10.120063831066403,10,7,7,1
6.24.jpg,25.977465258823766,18.00313730556419,5.775461536799605,2.8161512162807925,2.7563285970523816,1.0854490962533043,6.541838765460662,2.6956550740429464,6,2,4,2
10.63.jpg,68.81582431151105,9.775097310657715,36.21415378186784,14.653445740548513,43.39996904602851,2.253318133017089,57.74752763287,8.946854995120177,10,6,3,3
8.21.jpg,40.42301272619897,13.619032908634756,5.44179024900061,1.2582032596056496,9.95372068114876,1.7396901373110931,11.445677963074388,1.515153356719984,8,2,1,3
6.18.jpg,17.742817631541286,14.327110198006135,-0.9300036256172138,0.7181877727384197,3.4023644149388343,1.4613820599594007,3.5672940914972906,1.5384519565309478,6,1,8,0
8.35.jpg,50.86478083924112,16.084955129891334,12.874127054097873,1.8284907101072436,31.471530339660692,2.4907484596582212,34.028615678577054,2.793007427697879,8,3,5,4
10.7.jpg,78.01215273275027,12.75496810532951,3.5653463646055608,1.6398981715388834,20.01606862103468,6.983228840592843,20.37129600438208,7.05831055540392,10,7,-1,1
5.61.jpg,16.073035505271346,11.361814757525371,24.92114261617984,14.4776308845259,6.313247498259828,3.7819228249715047,25.843959735809893,14.72803193664092,5,6,1,1
5.75.jpg,13.381856226177495,11.315499855046085,1.279285423882759,0.9577718720906946,6.289325026305806,3.687756007436432,6.490836977861879,3.6848456057815926,5,7,5,1
5.74.jpg,13.87515849778571,11.718960526032337,2.1169329666274654,1.4609191990867196,9.375321184042257,6.70197176674377,9.711611748390542,6.71664798885271,5,7,4,4
5.48.jpg,24.870625354437095,19.58790299852063,17.012403459776234,9.550154676788225,22.93628452659339,14.650152196329946,28.93778547327136,16.850282044885468,5,4,8,4
10.6.jpg,77.26672872029992,13.527053730571822,18.307002447988175,6.482913011017142,4.746321928064653,2.1255007418034824,18.96635021143237,6.670636000007382,10,6,-1,2
8.34.jpg,51.16891369724195,15.954267068997956,12.710294781598794,2.0862538294867035,40.07927233615178,3.7432041814014223,42.08262928048051,3.9135674079938094,8,3,4,1
8.08.jpg,48.14394392579405,16.395801745976364,13.7380955881869,1.561907447563116,7.7728024420897315,1.8228186932659567,15.903783541524056,1.408410494684758,8,0,8,4
6.25.jpg,29.528110009932018,19.68343608601435,6.131812939207955,2.8121693192895876,4.287532699804657,1.5800019348594905,7.61038876775348,2.9101119860749995,6,2,5,4
10.76.jpg,78.41697046093208,12.555202644295472,5.482325351601069,2.479520500764626,17.883655895155815,6.325993973446568,18.747387272159983,6.677030146000383,10,7,6,2
6.31.jpg,19.73390077564025,15.220523723743137,4.860792472859538,2.5325811343088818,16.357009236618005,9.400657850959137,17.193300917846347,9.505566443513796,6,3,1,2
12.4.jpg,82.07218769777752,10.295858927618086,11.996025230244763,5.459984434791427,15.689916795424685,7.4128518830581,19.87239814312816,8.940229610101596,12,4,-1,1
4.08.jpg,12.221558708083212,11.5959869122801,3.355545635919998,2.2772475982314737,3.368401596950952,2.0286344163157084,4.873147446639428,2.8564775537550906,4,0,8,1
4.34.jpg,12.417764372399263,11.711882027196722,3.04751848119061,2.093881813681522,7.252192095613492,5.3505089818031655,7.982496223443117,5.583341342029523,4,3,4,1
7.71.jpg,25.658184682599135,18.327297173544668,0.3237965623530195,0.8304826218402794,10.094355514415266,4.396852165161402,10.17539943996447,4.29931553271349,7,7,1,3
7.65.jpg,36.51005281633388,15.67802088039318,40.091246655157406,7.590867876930052,13.51584115908601,3.5196445109257626,42.35111120060615,8.147304663783089,7,6,5,1
9.48.jpg,60.267845364088856,17.15003283163327,24.04638024084418,5.096942962113254,27.681098632768688,5.537141556108821,36.72327417777736,7.246483425741286,9,4,8,3
9.74.jpg,67.44349689519736,14.755235049984831,6.935211444292421,1.6474920158571968,33.31630006753843,5.7016269319359525,34.061576248050876,5.753678047893538,9,7,4,2
9.76.jpg,67.16535553274079,14.970759444443988,6.696124118647669,1.4873820393817303,24.823686210833333,4.286008544441788,25.735942721963085,4.3928239313897794,9,7,6,0
7.73.jpg,25.835572955931884,18.43095104426456,1.4262625837552003,1.2220828059795157,16.399377513294965,8.43943885549889,16.559488907529655,8.335151437326267,7,7,3,2
7.67.jpg,33.23529953275801,15.884055828912231,30.63149763279773,8.990508741960106,11.04360903944455,4.126467476233792,32.603053157977946,9.754376140683446,7,6,7,4
8.2.jpg,47.79338005818957,16.594717707853622,14.48123826847917,1.6218278618230946,-3.932748198911304,3.121775944026024,15.299840571961337,1.8610371611432868,8,2,-1,2
4.22.jpg,12.05576575611438,11.53761339074142,5.202349333872301,3.755296175749721,-5.610380862551267,4.886881420833579,7.738212569410058,6.05348970710582,4,2,2,4
12.6.jpg,83.5277099263006,9.756182457874884,11.862938354892982,6.155364219310489,9.797765545312332,3.862941944274833,15.535227025372713,6.942122622097325,12,6,-1,3
6.27.jpg,29.784212271072107,19.86095757860683,4.538461816681092,2.0617203488782927,0.0442319088886617,1.1666387272743948,4.718460399171225,1.9868216582381817,6,2,7,1
6.33.jpg,24.357577900756517,17.60290306717846,8.036649803621614,3.9200181910919,20.882499147772016,11.530300669984236,22.529047989471795,11.89213536626444,6,3,3,1
10.74.jpg,78.38853342985217,12.50463891261861,4.986740464075989,2.2875724101633708,23.96966810156265,8.543206726035075,24.529867781617774,8.713066318293812,10,7,4,3
8.22.jpg,49.69298461340541,16.583165494325954,27.38587124103232,3.113685657457511,-18.68970461387434,4.535997315747745,33.282255664179665,4.674694654240214,8,2,2,4
10.48.jpg,72.552780654541,13.861781787042949,18.29434045964538,4.66321356564763,20.82776361314035,3.2147484096462997,27.828936736738378,5.1097043140526575,10,4,8,4
10.4.jpg,77.01213686742204,12.88656758050596,16.4400412400855,6.049940773808618,15.927826743236391,8.76242165037115,23.099155556366103,10.187318089985936,10,4,-1,0
5.76.jpg,13.386003913803272,11.321050919534168,1.1741295243002103,0.8891458614755846,5.630533027435634,3.2771115635018786,5.821268852888921,3.2748056152814673,5,7,6,4
5.62.jpg,15.417997521083162,10.877513573886263,27.696824508427028,15.624072031283262,5.06935304865741,3.392166964830183,28.274557581310965,15.779107874644874,5,6,2,0
5.63.jpg,24.47558994688841,12.721513990854778,34.3069071570766,8.653387406638721,32.23278086965087,14.467980544403137,47.44596930517231,15.779721563147168,5,6,3,2
5.77.jpg,14.557074372424369,12.05507745086502,-1.929496127615056,1.5476198123990044,8.228443482481175,4.933568817998476,8.4954857836914,5.098253339686295,5,7,7,1
2.8.jpg,7.801235659703892,7.753461977553751,1.4811516879679854,1.093163221855659,-0.3119560466022127,0.52540800991379,1.547428496142803,1.169466268691292,2,8,-1,3
10.5.jpg,74.88825067207631,13.914828925470266,17.89610228081347,5.889212158606739,9.538683127593632,4.945731234083562,20.393568576466674,7.382573444253629,10,5,-1,3
5.88.jpg,16.004975214584082,13.066786049752366,8.63454333065934,4.9468953197144465,5.722247920897815,2.637124802500789,10.47381948931497,5.3874637475046105,5,8,8,4
8.23.jpg,42.91010027287162,16.7046587378026,11.338401190534997,1.847619459560113,18.933402806424088,1.9058815950182837,22.10133882299629,2.368541310706655,8,2,3,2
8.37.jpg,52.32794145583876,16.2327247057807,8.981554535690263,1.6172082624163957,35.7374698032058,2.995718240210419,36.878478297814766,3.066365697203631,8,3,7,2
6.32.jpg,19.283438422162057,15.000192194884846,5.562472246034755,2.921975348645445,12.828010146428849,7.0687858904320535,14.074386299152016,7.477717968063089,6,3,2,4
10.75.jpg,78.33100735470906,12.536930689247862,6.119715953965599,2.768514187672974,20.54945577328649,7.280045602888998,21.48802660729748,7.658949226039054,10,7,5,0
6.26.jpg,16.774442890674422,13.68299797322242,16.435959975098424,9.601122115795834,-1.9222937973079943,2.101093325541787,16.609236180870646,9.724474601711057,6,2,6,2
12.7.jpg,83.58468142121116,10.12985835164165,1.0743826172889062,0.8566244408950522,9.78013558084358,3.415284632632248,9.889166093943672,3.377531422361999,12,7,-1,0
4.37.jpg,12.868335515439508,12.046506433362785,0.2363861883517171,0.75539586034646,6.698378694304971,4.607783997628713,6.818507819503761,4.498266660877288,4,3,7,4
4.23.jpg,11.749148464682223,11.24299424611198,3.1105143880803245,2.1429912158915476,2.9099867590791746,1.7038428702906394,4.381131174284169,2.538602806311934,4,2,3,3
8.3.jpg,50.66490525407947,16.098130519874193,11.29477524152352,1.7089530116102998,32.979449506161444,2.6955961647834017,34.885107209160275,2.903806393488866,8,3,-1,2
7.66.jpg,34.93346879009206,14.402052321993413,53.53002782955588,10.93848034762944,14.928445643171724,4.732421710840306,55.68868137318962,11.363947519864524,7,6,6,3
7.72.jpg,25.351621410404203,18.15311724104765,1.202029855216676,1.0087315633147618,12.852597206982129,6.035808745312879,12.994425358011734,5.935281537521316,7,7,2,0
9.77.jpg,64.23762960676606,15.59887307948864,-10.054310712649906,2.317337516313125,35.616881604433175,4.11567102995837,37.03475322185349,4.515226917717142,9,7,7,4
9.63.jpg,56.268322373830365,12.073658301692689,46.09053267124599,9.099922283506674,55.17743592000917,7.5744009601748195,72.49202513807191,7.3466362015840065,9,6,3,4
9.88.jpg,52.50784803541465,15.458117140151732,18.81345179730675,2.0853259226675034,5.20703406752016,2.0487018756536153,19.63951014763929,1.973468279382747,9,8,8,0
4.jpg,11.463056532686068,10.983919062607509,1.3401967513916275,0.9489095938636426,4.400155187537778,2.8587797116594995,4.693417926909203,2.863978356647628,4,-1,-1,1
11.2.jpg,77.36402591660806,12.044849093424158,7.791664419279495,2.557679464624522,-0.0181310050039247,0.980687695206655,7.856552407667376,2.547237723667775,11,2,-1,0
9.38.jpg,73.22990453891053,13.52797305010125,13.823738659454513,4.901943212854827,32.32238802745611,6.6464916110701555,35.27026185271259,7.7489383247965025,9,3,8,1
7.15.jpg,24.181019039900264,13.43160392097414,2.943268535441568,1.9576141429838592,3.901797838552619,2.06636153863953,5.023529116638873,2.5986755088150035,7,1,5,2
7.01.jpg,23.850432592813625,13.347982948052302,2.5054142934451304,1.8632570118431555,5.544398722322209,2.6052994794539974,6.188890809736106,2.995730393222535,7,0,1,4
9.04.jpg,62.41934342058436,15.514574660306067,19.18704310690424,3.241567063730467,18.647205467097496,4.838956794286442,26.861291817378365,5.315557986291489,9,0,4,4
4.87.jpg,12.199223037778166,11.56416511206248,3.244975435039176,2.200159357736823,4.494188765547489,2.8543583057972097,5.649168629966635,3.4354846182005008,4,8,7,3
4.78.jpg,12.27220511537061,11.591924726296083,1.1963296661583986,0.8334060931977599,3.736620290029743,2.28765327105252,4.011992309235476,2.2859083046711404,4,7,8,4
3.71.jpg,13.877098685663976,11.032234359921524,-0.7674429313258975,0.6523602085688737,1.376601196529749,0.6677714314421868,1.6228965646066011,0.8495285599034844,3,7,1,4
4.44.jpg,11.92084361985453,11.361969992362498,2.2703228204832397,1.6230193903448735,8.387869611711727,6.2224094352247175,8.833456536324944,6.231640159231848,4,4,4,4
8.87.jpg,46.2544139590996,16.06827325024309,12.913373081071487,1.839764174703473,12.86537370066077,1.4819595950266369,18.316317656823596,1.538339605789924,8,8,7,0
9.4.jpg,62.73244839976854,14.784457605993008,25.21028035734208,4.447919658290214,27.259379669266796,7.231072957319179,37.30684819481311,7.674861485321329,9,4,-1,3
6.82.jpg,15.440292052953437,12.852298783223764,5.685230843318462,3.3814038113986045,3.79755023216791,1.9237024977780623,6.919863333356453,3.740755537458381,6,8,2,1
8.44.jpg,51.066062817989845,13.396484625514043,35.76304027998172,6.687657356974136,49.054697319020526,8.431914357706363,60.90037597148357,9.608565258156617,8,4,4,3
10.06.jpg,86.5186611565458,10.746271088790255,11.742090706450384,6.927537854438669,7.081936237911936,3.3013937257245667,13.868064464056484,7.38899751753014,10,0,6,0
6.41.jpg,23.235923078682227,16.337761286557498,14.239818049951383,8.34901088197815,17.007382687298627,8.582536448369675,22.410909047268547,11.538654784591936,6,4,1,0
6.55.jpg,16.333037045933956,12.432020734754673,7.503790121827745,3.93420986371936,5.527374108335613,2.7902158925650986,9.392240615676908,4.680583181835046,6,5,5,1
8.78.jpg,50.41487851251963,16.258683873129623,4.231843578689652,0.8990188344781076,21.219233658083706,1.6599040275432253,21.65434720623305,1.678433921295865,8,7,8,0
10.12.jpg,64.88204924008805,15.394659073967718,4.7095630449078545,1.7227962354943025,3.86043873622226,3.737715681119818,6.606735653068506,3.220646007012083,10,1,2,4
5.04.jpg,16.189788661765885,12.62525533513061,3.197706598472914,1.8952540206487591,9.481630073968493,5.895879506538425,10.087252705441596,6.06030957661961,5,0,4,0
5.38.jpg,16.894482426906173,13.285584905206711,4.757757798662732,2.6016389557504347,11.60866222179692,6.793991469806604,12.633131881119636,7.122367729388388,5,3,8,1
5.05.jpg,13.652660308379645,11.481595244669078,7.3933394887951245,4.361690783044586,6.737982244673643,3.985873077473189,10.076274590265577,5.782914021866866,5,0,5,2
5.8.jpg,13.592730534645172,11.474253402277522,6.553070991082195,3.971483667458703,4.489728556463475,2.3918656314551643,8.021459659463503,4.5000322861412725,5,8,-1,4
5.11.jpg,16.361185641268374,13.641882149104951,0.5398478514760204,0.707937963698936,-1.080690255193772,1.9694876082088353,1.845678890665666,1.5597609311364242,5,1,1,2
6.54.jpg,23.077656052677412,15.834534600750748,9.958928726039025,4.420877444041816,10.467629561818466,4.781438014847804,14.523158972857551,6.343160909827052,6,5,4,1
10.13.jpg,64.54961821089017,15.146171367708751,6.690327707742302,2.2096420408080166,12.26321996281661,4.985082931958733,14.053438793038078,5.232731272552915,10,1,3,1
10.07.jpg,77.96153867919186,12.759406708243382,3.740127001384448,1.6614149483866565,19.924719389761187,6.972282024768598,20.313399217258144,7.051370168353135,10,0,7,3
8.45.jpg,44.470321142387974,15.44202335046519,24.390994947276397,5.362328118116688,37.87016938393916,8.472391351176448,45.13071604311413,9.634563361976618,8,4,5,3
6.68.jpg,26.189806355780764,16.168503607447892,34.43730397628169,13.366868677261492,16.85425663995026,7.196494090558712,38.40922171004725,15.00627419112326,6,6,8,2
8.51.jpg,38.153196228726685,23.96385493137436,15.26398180474008,5.418034449574583,1.7901327597671024,0.7993997946364124,15.416211186940382,5.34118767701749,8,5,1,4
6.83.jpg,15.546794091631885,12.82525727765208,9.969599050499776,5.832863431133068,7.210100252099707,3.759339779673075,12.390869970017423,6.7823096098937015,6,8,3,4
9.5.jpg,64.23881004436967,15.741148105139024,20.32204340192016,3.667415864073897,10.591300889918706,3.6682958048967143,23.01999064038458,4.706109509904027,9,5,-1,2
8.86.jpg,45.62663224402929,16.060784489070517,16.74370551824109,1.8984566576127857,9.98960874914028,1.2735790694360398,19.555745756096005,1.7154902192522945,8,8,6,2
4.51.jpg,15.175341039634416,11.762098533444906,5.414303611582146,2.934512963679409,2.1471301400567873,0.8650250213738129,5.901228054705366,2.9086067978837,4,5,1,0
4.45.jpg,14.39397559222658,12.960194914006465,12.10489372535794,7.431860682150413,15.404821952355508,11.692311273550605,19.938264733165397,13.350853419639073,4,4,5,0
4.86.jpg,12.024276750741834,11.431941609263848,4.174834803083707,2.8693208640490058,3.643600166690949,2.3052003804093686,5.647667024756908,3.5150926018995916,4,8,6,2
9.11.jpg,54.9467994351839,16.12121771617126,5.792851314557685,0.9512010210906824,9.582811830964276,2.34155015975103,11.249715873286556,2.284500436358045,9,1,1,2
7.28.jpg,35.64811900369743,21.61791506727412,10.027417052023305,3.800983526732524,-2.2446816217650283,1.994926263331359,10.381500735897378,4.029806118845072,7,2,8,3
9.05.jpg,66.0298805204858,14.922051619981856,17.25514068604692,4.482018382046363,26.616042415620495,4.656955831078473,31.777586050605706,6.173681652899423,9,0,5,0
7.14.jpg,25.426655351035,13.856250296864708,2.552662255002852,1.8799782301841217,6.030479817258792,2.7255010227781806,6.649007448363378,3.1042141255431264,7,1,4,3
11.3.jpg,81.55311902381662,10.01063339152943,8.667200541753703,4.724085478014102,26.612596782637773,6.783475274425386,28.176152279653166,7.601817931413475,11,3,-1,3
5.jpg,12.875737136091365,10.980420933326902,1.490008223281886,1.0266987622390302,5.446274273255597,3.1235897385089895,5.711156542903197,3.174215195970375,5,-1,-1,4
7.jpg,23.331333359474208,13.14552464511294,3.657352245832984,2.218656627247259,10.731774973622068,4.523542817390088,11.40153122037959,4.892563971544935,7,-1,-1,4
11.1.jpg,70.70210927417463,13.512671191850345,5.613072420736563,1.7064111846940533,10.01931916970343,1.715043117455971,11.543119938371762,2.1220114842211637,11,1,-1,3
7.02.jpg,24.35671816109262,13.43853231894493,11.39046100387717,4.216625312383504,8.655434091041098,3.680577031395987,14.367930265221492,5.435834562236837,7,0,2,2
7.16.jpg,25.549499239865952,13.925207164676776,4.14834932984952,2.241100034921395,1.734059075749236,1.483181289461826,4.636652925730613,2.437123056166692,7,1,6,1
9.13.jpg,54.67519390558647,16.003080371475196,6.621038053742634,0.96036626045779,13.82844283870359,2.083753378165107,15.3603468240579,2.094768052146865,9,1,3,3
9.07.jpg,65.63507188421593,15.328120663984732,8.055205026513736,1.525850481783556,25.18450001887936,4.065810079558455,26.46837798958366,4.174849352542989,9,0,7,2
4.84.jpg,12.035084556685211,11.39932426430847,5.720442352533598,3.882584086098391,5.838339654461817,3.7525013134686462,8.295570789249336,5.21046074769621,4,8,4,0
4.53.jpg,16.338073544207262,12.383640449575442,5.64993849637947,2.9680142767224194,6.18143999443056,3.1661753621793256,8.450733046502283,4.189378422304452,4,5,3,4
4.47.jpg,20.64494660449093,17.125621135291674,9.52065489487572,5.047873402383542,20.88408491454252,14.27875651580413,23.352646583948964,14.51914885227196,4,4,7,3
8.84.jpg,45.29753818194762,15.939546289375214,19.47018209821636,2.5053797666869366,13.542928584457757,1.8368703064010736,23.82736676811363,2.099170973761847,8,8,4,3
9.7.jpg,66.6958976503452,15.097066191243194,4.237922996726751,1.071049474487533,27.00573415577519,4.39099088577826,27.36645050005058,4.333013222072904,9,7,-1,4
6.81.jpg,15.644159183876734,12.964914380339694,8.381555139528334,4.88161911985627,3.878011873633312,1.7019069443171586,9.3427395971471,4.97286154516247,6,8,1,3
8.47.jpg,52.41862950490146,26.90152926073184,12.219126663776915,5.804901701503449,27.635460148862855,12.395960888771446,30.8270773874604,12.250458927420148,8,4,7,3
8.53.jpg,39.35483389950774,24.253966594287792,14.964207280095629,5.240139405163277,9.709907091993797,3.15957525725217,17.915724663964294,5.888852334167054,8,5,3,1
7.8.jpg,23.223280662769465,13.104220241628491,11.315030296745707,4.408459682278949,6.607698022561651,3.0438300349331056,13.165444344279212,5.202122359495632,7,8,-1,0
10.11.jpg,65.40776608825442,15.482187441557665,4.141351831065827,1.652249683842169,0.943523930366122,3.4927576630639474,5.249551452903332,2.3264838382879027,10,1,1,4
6.56.jpg,20.967928826874697,14.82860893254335,9.728136665759472,4.472501989674003,6.855833475126248,3.048308396565048,11.967567956008512,5.264206585315633,6,5,6,4
6.42.jpg,25.6441809172841,19.6048441145774,18.91491819553395,9.866942063960556,19.364560730668835,11.911924878639066,27.54251096888092,14.608933300295094,6,4,2,4
10.05.jpg,78.77234821972334,12.373670032364744,14.273407070123485,6.842553567242783,13.120165788118948,6.6174340523617925,19.468436476842164,9.351997305510942,10,0,5,3
5.07.jpg,13.156136928539413,11.164671966175224,0.5823616782280912,0.7157703016033048,5.909711651691855,3.444973911985488,6.005763198179124,3.402178378146296,5,0,7,4
5.13.jpg,16.135971486367954,13.399555833338155,0.4860216901959138,0.5872090420724522,0.2232629291531335,0.8445139767844131,1.007419963657012,0.573747986293726,5,1,3,4
5.12.jpg,16.011514788197182,13.396176106717682,2.8593023412463983,1.7871552787871787,2.062029284246224,0.9024909428628708,3.6953838552998577,1.6673711950797492,5,1,2,4
5.06.jpg,14.450132291453924,12.242400558261185,12.447485129533913,8.865502549723692,8.045878727558923,5.191266603301399,14.908160389607811,10.14737349031715,5,0,6,2
6.43.jpg,25.45310996157287,17.21218660768246,19.80789323382363,8.99816849889822,30.22773347603071,18.92828945137862,36.714815844980826,19.93333842634955,6,4,3,3
10.04.jpg,77.07660915645594,13.218283155938114,11.354729875807068,3.9419753182638826,13.244797174064196,6.196468315983224,17.55338443037014,7.082981489109597,10,0,4,4
6.57.jpg,20.644406574265695,14.69181292132117,9.59153570624133,4.46741579336404,6.30319422886794,2.793298123292146,11.54228559334256,5.124819630878654,6,5,7,3
8.52.jpg,38.262453911158794,23.975211016195992,15.569664352556488,5.503924944242868,6.474530870256392,2.0487234928601805,16.934384606767352,5.661366776080518,8,5,2,1
10.38.jpg,82.80542255742812,11.371333948307097,8.511773232714031,4.663283204108075,18.839402751788604,7.404224744536499,20.788511313710295,8.472303776323725,10,3,8,4
8.46.jpg,46.86039520906114,14.340761166272616,46.809190311630445,4.255021377908554,55.691391635343265,12.914969573189143,73.20978734549163,10.856338367164716,8,4,6,0
9.6.jpg,57.25251191579876,17.67605522988874,37.53002731850588,7.128863136846767,11.173193765861566,2.9370379626701473,39.18575037655269,7.567500148783981,9,6,-1,2
8.85.jpg,45.843075327356566,16.05533156702891,16.666583077280606,1.7517643152499487,9.04290887233617,1.215266300851611,19.00849468831552,1.6648941190723396,8,8,5,4
4.46.jpg,17.85553269430364,15.077837510494536,19.982280432323407,11.04513020002702,22.20608789272431,17.36356847574165,30.431365813140616,19.743916958636877,4,4,6,3
4.52.jpg,15.326790473409623,11.836557156302518,6.451924154302297,3.4663047443223207,3.029102336669951,1.3795042003597444,7.195629889059432,3.5977766992803883,4,5,2,4
4.85.jpg,12.07699070565882,11.478231643056626,4.265355554583394,2.9371620040481035,3.3963004503586967,2.151070977495208,5.554516485390078,3.482741500298018,4,8,5,3
9.06.jpg,65.57494893746909,15.545259445788092,18.817878318745542,4.1568806486231376,20.18564718279828,4.377317049481019,27.641092038492378,5.829535899683106,9,0,6,4
9.12.jpg,51.93977558176593,14.66402107204291,4.402941728514329,0.8080919625028927,3.397642631135438,2.4827338436082655,5.846244545377608,1.8889880855378216,9,1,2,0
7.17.jpg,24.341322092500345,13.490433837280534,1.705679349486062,1.6852660409392808,4.1765360524070125,2.1481428176044535,4.661397609111668,2.465523669254781,7,1,7,3
7.03.jpg,29.237855622997852,14.95350920690854,5.788216754255946,2.968499455688989,19.395714294534656,7.137915521949527,20.302244123276747,7.568216220831308,7,0,3,1
6.jpg,17.59159024461655,14.07886066211748,3.997469428623479,2.1748461693805727,10.26635857042098,5.657647382616401,11.095522086055094,5.916603716119144,6,-1,-1,1
11.4.jpg,76.53257874837257,10.953132913668206,17.570077494624357,7.455193109597904,26.776992851543746,6.097433635697903,32.306151546400315,8.647898174867798,11,4,-1,0
2.jpg,7.710414267873298,7.648488051424501,0.2646991588312435,0.5487584652658054,0.8072905706331779,0.6917045223856552,1.0337371177808838,0.6578467001748419,2,-1,-1,3
9.16.jpg,56.32703947148535,16.083804804010807,8.379147161872451,1.0814728938256617,10.065030406011616,2.3044703420692465,13.15354957496866,2.231422190140614,9,1,6,3
9.02.jpg,68.64701783003537,15.58724036880649,14.237263964968262,2.972955849906212,-1.165768163301736,3.0856268976791648,14.617044732194172,2.9597742739877178,9,0,2,0
7.07.jpg,25.079922287949795,17.959764938291933,2.438089990953591,1.2927830817046306,12.295700118703886,5.712639038498596,12.61980697653363,5.6722595998980765,7,0,7,0
7.13.jpg,24.083830133982055,13.402154834387002,2.1593746665184947,1.7964692611559765,3.7399959892857666,2.021977050057316,4.477436018910803,2.4328437360571344,7,1,3,1
4.81.jpg,12.069293078434317,11.491911262955073,3.9226232179711777,2.6796295723831567,2.7472871012630247,1.599678157027545,4.917739955704087,2.9137223454312955,4,8,1,2
4.56.jpg,15.375655472136213,11.829755072339204,6.682905295464175,3.5393513608580935,4.563967459872156,2.27816921301172,8.162547474449369,4.071965607541133,4,5,6,3
4.42.jpg,13.94054106614679,12.854067267469548,9.092600197592072,5.651573171797766,10.860463745702829,7.515520622597664,14.378412524054646,9.072465704424598,4,4,2,1
6.84.jpg,15.553726067557706,12.80266925800216,10.858361810833722,6.284848479893202,7.995650219054076,4.187460020097386,13.571932043555638,7.394000681678971,6,8,4,1
8.81.jpg,45.645225944439034,16.201351666911922,15.81841467280119,1.9054692751752629,6.129208425417694,1.7108368080501453,17.08754686157682,1.5371911653195518,8,8,1,1
9.2.jpg,57.066412032682,16.372356237010695,11.398272957409125,1.4676759394583203,-10.06065665706647,2.4193468626688586,15.301303153657363,2.23939109760353,9,2,-1,0
6.53.jpg,22.058224004365098,15.362898491989048,9.453507129362803,4.295842747672328,8.721165120696716,3.9488120446774033,12.934694640616089,5.671734667481025,6,5,3,4
10.14.jpg,68.28206206158403,14.723484373241732,8.01805546130393,2.5526956233729696,18.613121478279787,5.781278372318644,20.309845489813775,6.179572419630974,10,1,4,1
6.47.jpg,36.16419525787446,23.206771696072657,12.719846615882895,4.933870809361221,28.522160750910864,14.484922713240213,31.728301490475193,14.240052792525262,6,4,7,2
8.42.jpg,50.46881582149215,15.37347570377928,28.784193399110222,4.585545751587345,24.571351611680548,5.685287658375829,38.28345866839368,4.472988670452024,8,4,2,0
10.28.jpg,69.39348810703025,15.727998537289668,10.576550515587522,2.520158238433429,-0.5368983237579569,1.683377882091673,10.728654009209585,2.4965220628224603,10,2,8,1
8.56.jpg,38.42833860563584,23.906793166673005,16.66437904529917,5.629280979273704,8.205337673882351,2.6459838238327196,18.634806842802224,6.03846867830647,8,5,6,2
5.02.jpg,12.856776152170015,11.035244065261644,1.9771500301610352,1.3210099541701723,2.380321638350843,1.0029008130437604,3.1964777758550103,1.4520538943346968,5,0,2,3
5.16.jpg,17.79043659856866,14.402186112966152,0.8620997064848813,0.8595028580274774,0.8338572344587619,0.6641330690104819,1.5038772348802898,0.597247812972161,5,1,6,3
5.17.jpg,16.521299281323973,13.683341263793134,-0.0788296099050882,0.4450998030161336,1.457156675509942,1.006597893968378,1.612368270945789,0.8608956952005458,5,1,7,4
5.03.jpg,13.971475001292298,11.641286544345654,2.0220587443625964,1.3049187693063728,7.737173871837034,4.607163392516618,8.072711480312293,4.659686466293439,5,0,3,2
8.57.jpg,39.01894606671561,24.145039061963868,11.19587743083942,4.24659386320192,9.1688155223369,2.958346867470411,14.586023413320524,4.842328586780056,8,5,7,2
8.43.jpg,45.154029104300086,15.785555016392076,27.69416123775642,2.9351960560492776,32.37784934757258,10.289601040951458,43.135785118916736,8.311859159116757,8,4,3,4
10.01.jpg,78.00673582366461,13.204272284479032,5.258638705328696,2.2896939123660913,8.799199238792855,5.034558003901936,10.35608666044544,5.331053354214084,10,0,1,1
6.46.jpg,27.440708337516437,17.56240721762195,31.50261266910877,13.719311960883276,33.429994460416125,19.795492743459604,46.421888790787555,23.131546194223535,6,4,6,1
6.52.jpg,21.063651149183592,14.89428874334592,10.692788105549532,4.935157284235719,5.0516995389213815,2.108020426696384,11.88361546894517,5.237804561787419,6,5,2,3
10.15.jpg,64.84842229232838,15.032169142294547,8.87257093993041,2.7641192698284422,12.766238298149569,5.149104308793459,15.634273771045663,5.605574862750846,10,1,5,0
9.3.jpg,71.19768724860626,13.610697059805256,13.611504422622602,4.822835754794296,42.55126989671404,7.373706831400803,44.794005922112895,8.186082889451031,9,3,-1,0
6.85.jpg,15.286764444050192,12.778451504533962,3.908633413339619,2.414692597407175,3.063553577379294,1.4837049060107956,5.060279698294705,2.6624172558914,6,8,5,3
4.43.jpg,16.432205850107795,14.522221476611366,11.018572472974627,6.591550659284736,16.804579289818044,12.7901465102919,20.4308546449382,13.907530002701124,4,4,3,2
4.57.jpg,15.34061880806483,11.83185671240574,4.494256404227919,2.4681494938982063,4.5171969912218115,2.2655092488470316,6.454556605172034,3.1884796370556607,4,5,7,3
7.12.jpg,20.721313687702622,12.238618608865988,1.6020894233078409,1.6055591202374129,1.035123148815594,1.2462309896186197,2.1831455519665144,1.732904417583646,7,1,2,4
3.8.jpg,13.502416483564408,10.795494404046014,2.7417802527435486,1.726899632539942,0.3688719857427287,0.7036709153614944,2.9511605901268307,1.5560886110613312,3,8,-1,1
7.06.jpg,26.475473839996905,13.63759152605726,25.192191812656233,7.180589681226399,16.19609072487025,5.952470501571883,30.006541034926823,9.14112418991026,7,0,6,1
9.03.jpg,69.51169761858823,14.583885327959726,12.036596043278678,3.6826134605133385,35.242528600851834,5.978435419685212,37.32019875832733,6.589504009921771,9,0,3,4
9.17.jpg,54.93422948470544,16.04512880634591,6.316360657165954,1.0066774334715785,15.518125530004909,2.0537885075034725,16.774496235341886,2.1345619352690264,9,1,7,4
3.jpg,13.320651313994212,10.695285556401696,0.8357166678250473,0.7041231613358407,2.1291293139478387,0.8974661191916402,2.362996953038387,0.9742146815514342,3,-1,-1,2
11.5.jpg,78.39050239665961,11.91563988701297,15.255659176876874,4.77386369443212,7.72528905312453,3.4406986375708484,17.1783054069607,5.652365249003034,11,5,-1,4
11.7.jpg,78.02499164493923,11.768595535877395,4.162498221249005,1.705870734017802,20.010239838405024,3.998868115808417,20.489806884429072,4.099371273744641,11,7,-1,2
1.jpg,5.084360940002176,5.16523259364293,0.0673469873744128,0.2560245441540404,-0.0854915199729467,0.320147575893039,0.119619282610343,0.4069136044456543,1,-1,-1,0
9.01.jpg,66.0709024891451,15.632501389574788,7.359228905329536,1.4966879484335829,15.818521241419852,3.72389206574416,17.476726759945553,3.880120234836861,9,0,1,2
9.15.jpg,54.827955037631874,16.000155986248444,8.325284221067374,1.1720461134529705,14.100284376585574,2.1086840122709605,16.397364695108504,2.2527867793941643,9,1,5,0
7.38.jpg,34.227697656482675,16.195537288891124,9.444454988995904,3.7156322243686666,23.139524148358493,7.388186476086232,25.04501113314828,8.11011389712279,7,3,8,3
7.04.jpg,33.79467090457932,15.632755987754171,22.951979528423394,7.221794129780075,27.308605378655468,9.412802841834427,35.732061141854764,11.684531070917016,7,0,4,4
4.82.jpg,11.945176043574694,11.377499466766457,3.616548510513749,2.502060881023174,3.5191043930943753,2.2155327856958484,5.15440775119858,3.17245863166394,4,8,2,2
4.41.jpg,13.417852579182703,12.857744645062455,8.229610173197766,5.466193522450278,11.132544735024169,8.407765703490401,14.081146979717191,9.69283917979571,4,4,1,4
4.55.jpg,13.627345589260688,10.848989502407012,5.842088516764261,3.650117158945797,4.855618309806214,2.848781277212144,7.685261537216443,4.481371726630232,4,5,5,0
1.8.jpg,5.145034325825978,5.239920166134036,0.9057332577632438,0.7939947649123144,-0.8993212064141182,0.903154077373276,1.3014008544451816,1.17541573783834,1,8,-1,3
6.87.jpg,15.918947346244064,13.105948155038789,7.075597693917194,4.111251550472007,6.865118621062533,3.568286032670765,9.947354897509772,5.280068320829372,6,8,7,3
8.82.jpg,45.2569112705401,16.105148874645653,14.267029586365885,1.805652038196615,9.32849010608324,1.226900269321425,17.11673226499361,1.5336234870280057,8,8,2,0
9.1.jpg,54.39715750986737,16.042207076312643,7.093928742831735,0.948451116157158,14.748827544778065,2.1319733699509142,16.38697540827445,2.182577809038328,9,1,-1,1
6.44.jpg,21.157686050517604,14.948827340383025,18.836995635258873,11.133592462161134,25.647090574405443,15.952212556730746,32.11285613807476,18.96839731549405,6,4,4,4
10.03.jpg,78.86108697884076,12.668898474261798,8.113599740909958,3.6839596972946023,21.367314474648367,7.401940320028796,22.928059432562097,8.065791890674525,10,0,3,0
10.17.jpg,64.6631526460601,15.251536424774509,5.271357878010574,1.8803566849736064,11.120491871162592,4.099487082092264,12.367678281373598,4.339887425044934,10,1,7,3
6.78.jpg,19.15073918054136,14.986163761401524,3.772705484131242,1.8722795756874755,9.435347395933531,4.783078965723492,10.2337254673274,4.991314998394827,6,7,8,1
8.55.jpg,41.337085744194326,24.42912551195669,20.22431917611735,6.156277351550807,16.639492019027738,5.569931363264816,26.268879090601896,8.047711372358831,8,5,5,3
8.41.jpg,48.35136347011188,15.515543911160092,21.4562910967544,3.8263461096850806,25.861216153907566,3.8235026591015138,33.857317633876555,3.4809579661124177,8,4,1,0
5.15.jpg,16.328748521065883,13.514925871263674,0.9464852212810296,0.8936346326799259,0.556829873663935,0.7463958555459832,1.4679322070484693,0.6377761736840043,5,1,5,2
5.01.jpg,11.970312181700184,10.438799612892437,0.9007944504230144,0.688693549475351,3.2020823902697435,1.652909062028616,3.3877326521232165,1.6716569403295574,5,0,1,3
5.14.jpg,16.687645395530968,13.85170833525362,4.901391346807356,2.9788071555218467,1.800104077518676,0.8950306995434973,5.390992536636186,2.8063469702272754,5,1,4,0
5.28.jpg,25.0089932692834,17.935678129895138,7.935317044394136,3.86579991684651,-1.3797374943477934,1.4546571590213109,8.12204998439635,3.995706776868241,5,2,8,1
8.54.jpg,41.2223888344866,24.711621063536175,15.686283892652217,5.352932064924377,12.918982951542054,4.258137361117436,20.404941678011536,6.586622310251471,8,5,4,0
10.16.jpg,68.42196758639287,14.875823004192709,8.284137246865487,2.522023333693596,11.315401672693142,5.3291478926793605,14.158594065835915,5.564160132123324,10,1,6,2
6.51.jpg,20.869654663253467,14.836300898893008,9.44937602027512,4.424118777655669,2.078975603258621,0.7302373335232725,9.7383837246045,4.345434694703165,6,5,1,2
8.68.jpg,49.27660524571229,16.915404962967727,43.07990044513683,6.463080968970238,13.754733428474388,2.980710164071353,45.25558527710905,6.90351823139971,8,6,8,3
6.45.jpg,20.37057328575027,16.46218508301693,20.217529549388026,11.027075806587394,23.870528082655635,17.217282146077643,31.810802020785577,19.612615637937797,6,4,5,0
10.02.jpg,69.83570882104159,14.4094118219142,10.872639702946495,3.1829713675320224,4.633359250940162,2.97943726175846,11.971991738524368,3.91944881256906,10,0,2,3
8.83.jpg,45.37238711681075,15.986094235195978,17.990567748714785,2.2946669444339856,12.159785267204478,1.5977419018487735,21.807938590256384,1.9372649999490756,8,8,3,1
6.86.jpg,15.637001256823456,12.955721785529196,7.061020054252472,4.111390153085008,4.132136490586501,2.1185137325622483,8.2554720825916,4.491254424198437,6,8,6,2
4.68.jpg,12.42778921302452,10.027124951171643,8.989863834393583,5.601327390619047,6.526035812333011,3.9080508160738905,11.187828787556414,6.699777005470385,4,6,8,1
4.54.jpg,17.175308495616907,12.841709116943203,6.029630756256821,3.0731540230324415,7.58969279495511,3.9321686849490423,9.76680022242832,4.845175271333373,4,5,4,4
4.83.jpg,12.042292681812718,11.418928643245422,5.2005562896788895,3.5563152887516516,5.208355941970274,3.319204567434398,7.477973288056954,4.681577750819528,4,8,3,4
7.05.jpg,24.41693832559567,13.258019190332552,11.527673907451389,3.277139951198641,12.544482084868225,4.838067073358068,17.109369838769595,5.627370565403539,7,0,5,0
9.28.jpg,61.83695103742532,16.232612836253345,11.751314638650078,1.9128754627470723,2.2360914884699423,1.525245825737739,12.04622846079031,1.9918203023151857,9,2,8,2
7.11.jpg,25.097658438222556,13.807182300769014,1.9084631139996804,1.7376769642558807,2.487771974697978,1.6867286083310775,3.3615682567478373,2.0965863543110648,7,1,1,3
9.14.jpg,50.922574206899704,15.726335153501722,15.423371416773657,1.7443769785350098,16.127184627083416,1.8202825313135576,22.340884775444454,2.282020342404638,9,1,4,3
11.6.jpg,72.15812121389087,13.413753000764414,14.83576002147004,5.622060047283538,13.14170242514512,3.1473838797322924,19.963081082571144,5.982733171224054,11,6,-1,2
