Shade,Dominant LAB,Corrected LAB
10.22,"51.12, 24.26, -1.57","64.76, 14.93, 5.74"
10.33,"71.43, 5.12, 23.98","85.04, -3.47, 32.06"
10.66,"56.04, 28.82, 10.26","69.94, 20.97, 17.04"
10.88,"41.38, 12.28, 1.61","55.30, 4.12, 8.32"
10.99,"47.33, 18.33, 11.01","61.42, 11.21, 17.38"
4.11,"17.74, 10.35, -14.63","31.88, 2.41, -8.80"
4.66,"13.55, 13.7, 0.15","28.32, 8.78, 4.51"
5.11,"12.91, 4.71, -5.52","27.43, -1.43, -0.50"
5.44,"15.77, 16.28, 3.85","30.61, 11.79, 8.05"
6.99,"12.96, 5.56, -0.24","27.65, 0.29, 4.40"
7.11,"20.2, 4.48, -4.89","34.50, -2.47, 0.72"
7.33,"23.48, 13.28, 11.61","38.29, 8.95, 16.07"
7.77,"17.89, 2.53, 2.21","32.47, -3.09, 7.22"
7.99,"15.41, 7.39, 0.68","30.07, 2.04, 5.40"
8.11,"27.11, 4.59, -0.87","41.32, -2.56, 5.06"
8.33,"41.05, 11.61, 18.13","55.50, 6.09, 23.74"
8.66,"29.94, 31.26, 6.46","44.57, 26.11, 11.15"
8.99,"24.01, 9.6, 1.11","38.44, 3.37, 6.46"
9.11,"40.32, 9.21, -7.49","53.96, -0.40, -0.15"
9.22,"29.06, 17.25, -2.79","43.28, 10.12, 2.97"
9.33,"59.19, 10.65, 18.34","73.06, 2.90, 25.53"
9.99,"42.57, 27.36, 20.54","57.20, 22.73, 25.53"
10.222,"46.93, 25.9, -0.02","60.76, 17.40, 6.77"
10.333,"63.75, 8.53, 35.26","77.99, 2.82, 41.80"
10.999,"28.78, 12.59, 8.55","43.32, 7.09, 13.70"
4.333,"13.42, 6.56, -0.02","28.11, 1.31, 4.60"
5.111,"13.53, 5.2, -6.48","28.00, -1.15, -1.37"
6.999,"13.25, 6.82, -0.97","27.92, 1.45, 3.69"
7.111,"14.79, 5.48, -7.65","29.19, -1.20, -2.36"
7.333,"21.21, 16.39, 11.54","36.12, 12.46, 15.70"
7.999,"14.69, 6.68, 0.8","29.37, 1.41, 5.47"
8.222,"21.91, 15.84, -4.13","36.30, 9.31, 1.15"
8.333,"38.76, 15.09, 18.24","53.32, 10.02, 23.51"
8.444,"24.19, 30.36, 21.02","39.45, 28.19, 24.28"
8.666,"23.87, 30.65, 8.59","38.75, 26.55, 12.64"
8.999,"15.86, 7.55, 1.44","30.53, 2.28, 6.14"
9.444,"34.91, 30.59, 25.62","49.98, 27.85, 29.49"
9.999,"28.23, 14.27, 5.68","42.71, 8.46, 10.91"
1.4,"12.07, 3.13, -3.6","26.66, -2.68, 1.27"
1.8,"13.93, 4.58, -4.87","28.43, -1.59, 0.20"
1.9,"11.13, 3.65, -4.39","25.73, -2.14, 0.44"
2.2,"12.33, 5.94, -5.09","26.89, -0.01, -0.20"
1.5,"8.4, 3.69, -3.46","23.11, -1.62, 1.07"
1.6,"12.71, 4.18, -4.1","27.27, -1.74, 0.82"
1.7,"8.52, 2.66, -3.54","23.22, -2.72, 1.04"
1.3,"12.44, 3.49, -3.77","27.01, -2.37, 1.13"
2.1,"8.98, 3.89, -4.47","23.65, -1.64, 0.17"
1.1,"11.19, 5.22, -6.1","25.75, -0.78, -1.21"
1.2,"12.22, 4.87, -4.55","26.79, -1.03, 0.34"
2.3,"12.93, 3.0, 2.34","27.68, -1.97, 6.90"
2.4,"12.11, 3.44, -3.28","26.71, -2.31, 1.57"
2.5,"8.46, 4.15, -3.32","23.18, -1.12, 1.19"
2.6,"11.65, 4.15, -4.08","26.25, -1.64, 0.75"
2.7,"10.09, 2.8, -3.73","24.73, -2.80, 1.00"
2.8,"14.19, 4.06, -4.35","28.70, -2.08, 0.72"
2.9,"12.26, 3.97, -4.23","26.83, -1.92, 0.67"
3.1,"12.07, 5.73, -7.58","26.56, -0.59, -2.54"
3.2,"10.43, 4.52, -2.89","25.11, -0.91, 1.74"
3.3,"14.37, 3.84, -3.4","28.90, -2.18, 1.63"
3.4,"11.43, 3.53, -3.29","26.05, -2.13, 1.49"
3.5,"13.02, 5.06, -4.25","27.58, -0.88, 0.68"
3.6,"13.36, 5.39, -3.88","27.92, -0.52, 1.04"
3.7,"13.08, 3.07, -4.2","27.62, -2.96, 0.80"
3.7,"14.69, 4.7, -5.93","29.14, -1.73, -0.73"
3.8,"8.0, 3.45, -2.41","22.76, -1.65, 2.02"
3.9,"10.83, 3.65, -3.46","25.47, -1.96, 1.28"
4.1,"11.13, 3.95, -4.38","25.73, -1.83, 0.44"
4.2,"11.52, 4.41, -3.61","26.14, -1.27, 1.17"
4.3,"13.87, 4.06, -1.83","28.47, -1.64, 3.05"
4.4,"13.7, 5.83, -1.61","28.33, 0.26, 3.17"
4.5,"12.72, 7.58, -2.42","27.37, 2.08, 2.27"
4.6,"14.62, 12.77, -1.09","29.31, 7.48, 3.48"
4.7,"9.36, 2.1, -2.73","24.05, -3.28, 1.89"
4.8,"11.99, 4.07, -3.58","26.59, -1.68, 1.25"
4.9,"12.93, 4.87, -3.2","27.52, -0.90, 1.66"
5.1,"14.09, 3.47, -3.78","28.61, -2.60, 1.27"
5.2,"13.9, 7.59, -5.4","28.42, 1.47, -0.41"
5.3,"10.59, 6.21, -0.53","25.35, 1.21, 3.90"
5.4,"15.22, 11.76, 1.41","29.95, 6.75, 5.90"
5.5,"12.91, 7.7, -1.13","27.60, 2.39, 3.48"
5.6,"16.62, 19.45, 2.88","31.44, 14.84, 7.10"
5.7,"12.64, 2.4, -3.17","27.22, -3.44, 1.75"
5.8,"11.99, 3.83, -2.0","26.64, -1.68, 2.74"
5.9,"13.88, 4.95, -3.8","28.42, -1.03, 1.18"
6.1,"13.99, 3.37, -2.76","28.55, -2.53, 2.22"
6.2,"14.47, 9.58, -5.66","28.98, 3.44, -0.68"
6.3,"17.78, 6.83, 1.57","32.39, 1.31, 6.45"
6.4,"17.32, 18.58, 5.75","32.19, 14.30, 9.88"
6.5,"11.48, 10.19, -0.65","26.25, 5.24, 3.71"
6.6,"18.69, 25.56, 5.97","33.60, 21.46, 9.94"
6.7,"15.55, 3.29, -2.81","30.05, -2.81, 2.31"
6.9,"13.29, 4.5, -1.74","27.91, -1.10, 3.06"
7.1,"21.01, 5.78, -1.23","35.42, -0.63, 4.16"
7.2,"18.03, 10.32, -0.8","32.59, 4.55, 4.13"
7.3,"26.07, 9.63, 9.17","40.69, 4.43, 14.16"
7.5,"13.85, 16.62, 2.63","28.72, 12.18, 6.74"
7.6,"24.32, 32.0, 10.0","39.24, 28.13, 13.94"
7.7,"23.56, 4.81, 4.58","38.06, -1.03, 9.84"
7.8,"20.85, 7.92, -1.82","35.27, 1.53, 3.51"
7.9,"15.44, 7.77, 1.6","30.13, 2.58, 6.24"
8.1,"34.27, 6.79, 0.6","48.33, -0.90, 6.97"
8.2,"31.87, 13.41, 1.96","46.11, 6.52, 7.78"
8.3,"37.75, 10.8, 14.94","52.19, 5.14, 20.51"
8.4,"21.68, 21.58, 15.58","36.76, 18.46, 19.31"
8.5,"32.82, 23.92, 1.04","47.11, 17.23, 6.61"
8.6,"29.92, 30.42, 4.11","44.47, 24.86, 8.99"
8.7,"37.02, 8.07, 6.02","51.17, 0.96, 12.22"
8.8,"30.17, 10.34, 0.61","44.39, 3.31, 6.49"
8.9,"21.11, 10.9, 1.64","35.66, 5.17, 6.65"
9.1,"38.19, 7.14, -1.33","52.07, -1.32, 5.49"
9.1,"43.65, 10.03, -3.04","57.33, 0.75, 4.26"
9.2,"39.38, 16.84, 0.64","53.38, 8.97, 7.07"
9.3,"63.27, 6.28, 19.44","77.00, -1.99, 27.07"
9.3,"36.19, 14.63, 11.74","50.62, 8.82, 17.24"
9.4,"48.19, 20.7, 19.23","62.54, 14.88, 25.04"
9.5,"46.77, 22.92, 3.24","60.68, 14.83, 9.91"
9.6,"46.04, 30.59, 6.38","60.15, 23.43, 12.49"
9.7,"51.16, 6.5, 7.82","64.91, -2.12, 15.18"
9.8,"40.57, 14.59, 1.1","54.52, 6.55, 7.69"
9.9,"39.7, 16.88, 6.97","53.89, 9.98, 13.01"
10.1,"49.76, 6.58, -4.38","63.17, -3.81, 3.66"
10.2,"57.57, 17.65, 0.64","71.01, 7.59, 8.61"
10.3,"70.88, 6.97, 17.66","84.32, -2.48, 26.04"
10.4,"62.17, 14.58, 21.9","76.10, 7.21, 28.96"
10.5,"56.25, 23.39, 6.88","69.98, 14.74, 14.10"
10.8,"38.09, 10.69, 1.56","52.10, 2.86, 8.05"
10.9,"36.77, 10.48, 7.73","51.01, 3.78, 13.70"